Subject,DriveID,ROI,lane deviation,lane mean,lane exits
10,[2],1,0.14540657190370654,-0.4538435669014084,0
10,[3],1,0.06628113769656249,-0.14138588745980707,0
11,[1],1,0.08593838201964898,-0.1173905302013423,0
11,[2],1,0.14900147454117516,-0.028064618374558297,0
11,[3],1,0.17387670879264824,-0.032379548872180454,0
12,[1],1,0.0923502139214264,-0.264642796812749,0
12,[2],1,0.09804256380283281,-0.6199193863636364,0
12,[3],1,0.01653714440838506,-0.28979890344827586,0
13,[1],1,0.03338815117236229,-0.3176304275362319,0
13,[2],1,0.14122396246432453,-0.3410647022653722,0
13,[3],1,0.055850624776899636,0.011373559999999998,0
14,[1],1,0.005990886078253066,-0.8078639785276073,0
14,[24],1,0.024405382190155117,-0.4467675805369128,0
14,[3],1,0.09894373170838458,-0.7008199873015873,0
16,[1],1,0.02323479876236576,-0.2978135352112676,0
16,[2],1,0.08195432426721275,-0.39560480479452054,0
16,[3],1,0.059425552094634564,-0.4248895306748467,0
17,[1],1,0.020530199194853403,-0.408957925795053,0
17,[2],1,0.0125666503025413,-0.35067762323943663,0
17,[34],1,0.017013465202692632,-0.3177505514705882,0
18,[1],1,0.01723813634670292,5.9446043165466976e-05,0
18,[2],1,0.022742619975488335,-0.4630545882352941,0
18,[3],1,0.08808349116798707,-0.3142479634551495,0
1,[1],1,0.080224432530521,-0.5835405669014085,0
1,[2],1,0.024875451529476917,-0.6443528876811595,0
1,[3],1,0.030973854651426384,-0.43327632517482517,0
22,[1],1,0.11424053851771596,-0.5820702392857143,0
22,[2],1,0.11424053851771596,-0.5820702392857143,0
22,[3],1,0.0609619966190894,-0.07696333680555556,0
2,[1],1,0.0370271624232822,-0.2948129397993311,0
2,[2],1,0.028748076891952256,-0.21705506071428574,0
2,[3],1,0.04889634212817151,-0.31198867123287677,0
3,[1],1,0.05725006395330673,-0.37232379276315786,0
3,[2],1,0.14382414114817862,-0.179309887755102,0
3,[3],1,0.07455819605790795,-0.1243997046979866,0
4,[1],1,0.20966526893391282,-0.5483104964705882,0
4,[2],1,0.12615924260799757,-0.2891484777327935,0
4,[3],1,0.028363110447326183,-0.43669972448979594,0
5,[1],1,0.03711648888684711,-0.1913581868131868,0
5,[2],1,0.14849394607935165,-0.1888391724137931,0
5,[3],1,0.2641545895100304,0.10206125255972695,0
6,[1],1,0.041411588090210324,-0.09850707070707071,0
6,[2],1,0.11207841051723748,-0.16522115112540195,0
6,[345],1,0.03414781955215314,-0.3472175442176871,0
7,[1],1,0.035581622519872826,-0.42851889338235294,0
7,[2],1,0.0711747760978942,-0.4055593071895425,0
7,[3],1,0.30098871468748123,-0.31827175460122703,0
8,[2],1,0.006047177038360491,-0.14955016835016835,0
8,[34],1,0.036565595863539385,0.24836154266211602,0
9,[2],1,0.03177494779659865,-0.3890030682593857,0
9,[3],1,0.15450566137523378,-0.2361681928783383,0
10,[2],2,0.03738174678589875,-0.03827925182481752,0
10,[3],2,0.01803982465685717,-0.2985399655172414,0
11,[1],2,0.0509611768186197,-0.32602200378787877,0
11,[2],2,0.02938839090758718,0.195059875,0
11,[3],2,0.007502191013297382,-0.1175106,0
12,[1],2,0.04218107624142891,-0.47126130859375,0
12,[2],2,0.07158933272301773,-0.19428133687943264,0
12,[3],2,0.09042971057103354,-0.2613922413793104,0
13,[1],2,0.0608022779178071,-0.2726026642066421,0
13,[2],2,0.12081096729836475,-0.13338828093645486,0
13,[3],2,0.04974321075352004,-0.16123870434782608,0
14,[1],2,0.06279396464383871,-0.4389460950704226,0
14,[24],2,0.039499537914734845,-0.47484429315960913,0
14,[3],2,0.006166392314429987,-0.47908960563380276,0
16,[1],2,0.04285293024430722,-0.26763880480480484,0
16,[2],2,0.050048213046903045,-0.28948355839416057,0
16,[3],2,0.008259675665510115,-0.4529690160771704,0
17,[1],2,0.025983898160446224,-0.43550097849462366,0
17,[2],2,0.05446539090582788,-0.4135992277580071,0
17,[34],2,0.004434733151683752,-0.3905579850746269,0
18,[1],2,0.037870951006852255,-0.2524789183673469,0
18,[2],2,0.04278316029623017,-0.020297252491694354,0
18,[3],2,0.06120498578893248,-0.291545877076412,0
1,[1],2,0.05835059848044571,-0.49884089527027026,0
1,[2],2,0.07390192397780786,-0.14803526573426573,0
1,[3],2,0.018190021776859203,-0.5500433549488054,0
22,[1],2,0.015638872789414757,-0.24007464184397168,0
22,[2],2,0.015638872789414757,-0.24007464184397168,0
22,[3],2,0.11092176747802054,0.04786887644787645,0
2,[1],2,0.07816162534121868,-0.3008489615384615,0
2,[2],2,0.03148684989873361,-0.27951126845637586,0
2,[3],2,0.017696988018910318,-0.10366290939597317,0
3,[1],2,0.017485471696862643,-0.3398630802675585,0
3,[2],2,0.05703073597030372,-0.3651666586206897,0
3,[3],2,0.029527419658201638,-0.21612926936026935,0
4,[1],2,0.284292177148342,-0.9808328054474708,0
4,[2],2,0.06637245056573264,-0.020972976653696494,0
4,[3],2,0.09047792780951434,-0.5630657557251908,0
5,[1],2,0.19686524239643893,0.12856589932885903,0
5,[2],2,0.07746523811556769,-0.07021028719723182,0
5,[3],2,0.07143501808013344,-0.33464548046875,0
6,[1],2,0.07503827269835049,-0.206871323024055,0
6,[2],2,0.17832386089925126,-0.2832825,0
6,[345],2,0.07364890873617493,-0.15546214035087721,0
7,[1],2,0.009713214505110774,-0.32403203100775196,0
7,[2],2,0.045642328571946146,-0.4572830936454849,0
7,[3],2,0.028458007502321074,-0.352772737654321,0
8,[2],2,0.06478771737247323,0.06560189542483659,0
8,[34],2,0.09670758616795332,0.1673537827586207,0
9,[2],2,0.015761930801988403,-0.33280840466926065,0
9,[3],2,0.0230266957612525,-0.4472083687707641,0
10,[2],3,0.04945487338715363,-0.3957593682432433,0
10,[3],3,0.032291342124214036,-0.25298256299212596,0
11,[1],3,0.0911457112003004,-0.08944103496503497,0
11,[2],3,0.16136246089292222,-0.04776724496644296,0
11,[3],3,0.14320893533361131,0.17220713620071684,0
12,[1],3,0.13581683152143145,-0.31955284800000006,0
12,[2],3,0.12219395074569886,-0.32132099641577067,0
12,[3],3,0.03793411372823869,-0.35564254372623577,0
13,[1],3,0.06132608799148689,-0.06255694285714286,0
13,[2],3,0.03296100030850493,-0.24915718374558304,0
13,[3],3,0.17309472698719922,-0.12299842016806725,0
14,[1],3,0.07907698935448147,-0.5998536687116565,0
14,[24],3,0.012522141675075956,-0.44791549473684206,0
14,[3],3,0.014654974356648432,-0.5263201301369863,0
16,[1],3,0.08751585852063971,-0.06649630769230769,0
16,[2],3,0.11400314059524926,-0.5856770109489051,0
16,[3],3,0.0480335484521569,-0.4837801777003484,0
17,[1],3,0.020724689695674706,-0.6959932234042554,0
17,[2],3,0.02129278225260511,-0.3794559311594203,0
17,[34],3,0.01372147945690498,-0.25180087544483987,0
18,[1],3,0.062208258719219325,-0.32160389247311827,0
18,[2],3,0.03421490870256073,-0.3480976482758621,0
18,[3],3,0.06160937581896062,-0.49474519723183386,0
1,[1],3,0.1742015355701707,-0.6664643598615917,0
1,[2],3,0.0495533715975953,-0.535224620567376,0
1,[3],3,0.046547712136943156,-0.8485908181818183,0
22,[1],3,0.06853513964962246,-0.6882039556313992,0
22,[2],3,0.06853513964962246,-0.6882039556313992,0
22,[3],3,0.0864622151362564,-0.254078871886121,0
2,[1],3,0.11328841078443162,-0.01516558528428094,0
2,[2],3,0.022920436606249938,-0.19230755228758173,0
2,[3],3,0.018026370279803555,-0.2678984865771812,0
3,[1],3,0.013946308495908406,-0.4241820105263158,0
3,[2],3,0.054169099869429006,-0.21961062962962963,0
3,[3],3,0.013775860512706423,-0.19033795470383275,0
4,[1],3,0.07550649940997714,-0.40914910545454547,0
4,[2],3,0.0675174712447425,-0.280171329588015,0
4,[3],3,0.2855286425494163,-0.40889088013698627,0
5,[1],3,0.10636259214222099,-0.13328652263374485,0
5,[2],3,0.09772150195746815,-0.1112442030075188,0
5,[3],3,0.06479614997383662,-0.5933506625,0
6,[1],3,0.021884933953134237,-0.27954240404040404,0
6,[2],3,0.16247010093895123,-0.17448007553956835,0
6,[345],3,0.04394764951232817,-0.37611650352112674,0
7,[1],3,0.016447316822524385,-0.3287845282258065,0
7,[2],3,0.01425625325941274,-0.32784000687285225,0
7,[3],3,0.08492246375960084,-0.4078495777027027,0
8,[2],3,0.031643744969133275,-0.08288562876254181,0
8,[34],3,0.050867194525232716,0.05006994237288136,0
9,[2],3,0.06983125067201865,-0.45708026400000007,0
9,[3],3,0.005812682121536286,-0.586991531598513,0
10,[2],4,0.19541277290431597,-0.2891182596153846,0
10,[3],4,0.12304178539029131,-0.2170027609561753,0
11,[1],4,0.10661310675363096,-0.14758108214285715,0
11,[2],4,0.1066684003919549,0.05344092786885247,0
11,[3],4,0.10662090400908175,-0.5107990214285715,0
12,[1],4,0.16431457922348888,-0.4043136454183267,0
12,[2],4,0.15882594723354998,-0.7049461115241634,0
12,[3],4,0.0861494359791674,-0.411418711026616,0
13,[1],4,0.20803019684114873,-0.08040511324786324,0
13,[2],4,0.039504352660799685,-0.3088155810810811,0
13,[3],4,0.11356227496579457,0.17920028806584362,0
14,[1],4,0.025512035930982335,-0.2567681080139373,0
14,[24],4,0.008608100016337574,-0.45717809893992944,0
14,[3],4,0.06669733996279771,-0.5727220618556701,0
16,[1],4,0.14586915941114878,-0.3337033710691824,0
16,[2],4,0.04362730105366064,-0.5535513051470587,0
16,[3],4,0.02244747168151754,-0.2549929293286219,0
17,[1],4,0.009812896083547636,-0.4526007597173145,0
17,[2],4,0.043324932482874716,-0.4882979817518248,0
17,[34],4,0.03213449717383269,-0.3759092945454546,0
18,[1],4,0.026286824089001317,-0.2769080103448276,0
18,[2],4,0.08292926426142201,-0.3085213154362416,0
18,[3],4,0.01816945679019574,-0.5361826271186441,0
1,[1],4,0.08577460501909498,-0.7636420322580645,0
1,[2],4,0.049903103653344716,-0.6431485813148788,0
1,[3],4,0.0777012873544049,-0.4395216968641115,0
22,[1],4,0.01770110394994218,-0.4300388758620689,0
22,[2],4,0.01770110394994218,-0.4300388758620689,0
22,[3],4,0.00990141524687728,-0.2846493551724138,0
2,[1],4,0.04745042963494722,-0.18861717421602786,0
2,[2],4,0.028144001522732012,-0.31087918466898956,0
2,[3],4,0.018541315977675794,-0.12573500347222222,0
3,[1],4,0.02966478309333389,-0.3933306328125,0
3,[2],4,0.01779198342563831,-0.43385557046979867,0
3,[3],4,0.04677315574081968,-0.16935685664335665,0
4,[1],4,0.04593743452536182,-0.372343936,0
4,[2],4,0.0399301686125391,-0.22752945555555554,0
4,[3],4,0.1239876690207082,-0.6389512044609665,0
5,[1],4,,,0
5,[2],4,0.07324632948417416,0.043480282258064516,0
5,[3],4,0.18448603159671778,-0.44839030324909757,0
6,[1],4,0.03144184443974344,-0.4813634175438597,0
6,[2],4,0.0908336355708018,-0.09429287226277372,0
6,[345],4,0.12873308508864578,-0.320171006993007,0
7,[1],4,0.08064176793842541,-0.2904475611313868,0
7,[2],4,0.0699558511440076,-0.39828242049469964,0
7,[3],4,0.08296400646762017,-0.34788510333333333,0
8,[2],4,0.05309706519140238,0.03213644709897611,0
8,[34],4,0.094814206698688,-0.14750002536231882,0
9,[2],4,0.044854824144790126,-0.4546420172413793,0
9,[3],4,0.012508954831440143,-0.5633237217741934,0
10,[2],5,0.08298080447216168,-0.27621746052631585,0
10,[3],5,0.08497904392179374,-0.4074283949275362,0
11,[1],5,0.024509072286057004,-0.1004092194092827,0
11,[2],5,0.14483055195356712,0.4113891140939598,0
11,[3],5,0.05442078742394019,-0.571446438202247,0
12,[1],5,0.08801992042962535,-0.21916132844574782,0
12,[2],5,0.07134353767621521,-0.4455339077490775,0
12,[3],5,0.09361984951572103,-0.1550023159851301,0
13,[1],5,0.025096770628995173,-0.4044191338289963,0
13,[2],5,0.06337315709556508,-0.17043064419475654,0
13,[3],5,0.12301420923942766,0.187318,0
14,[1],5,0.023077164804049283,-0.46162752517985606,0
14,[24],5,0.00480079129547179,-0.5068504631578947,0
14,[3],5,0.07945571321702805,-0.7866440454545456,0
16,[1],5,0.06362143405238192,-0.3655150642857143,0
16,[2],5,0.06678138233304771,-0.22081344525547444,0
16,[3],5,0.03958730884316042,-0.37469442105263157,0
17,[1],5,0.023403865851841,-0.24078782142857144,0
17,[2],5,0.022656812601804115,-0.1844921824817518,0
17,[34],5,0.029558062503170387,-0.48184763099631,0
18,[1],5,0.041268097583123615,-0.5876538047138048,0
18,[2],5,0.058248186241294096,-0.12444542553191489,0
18,[3],5,0.03191456336073717,-0.3095927750865051,0
1,[1],5,0.08242079032090238,-0.3776085838926174,0
1,[2],5,0.08739899242854338,-0.6695932881944445,0
1,[3],5,0.1063781474654485,-0.2625111363636364,0
22,[1],5,0.07538277176425445,-0.1784525798611111,0
22,[2],5,0.07538277176425445,-0.1784525798611111,0
22,[3],5,0.019943368705068704,-0.2613404107142857,0
2,[1],5,0.022777408238448635,-0.30049085810810805,0
2,[2],5,0.019816293796983374,-0.22628030034129692,0
2,[3],5,0.04058405838631589,-0.17978465263157895,0
3,[1],5,0.017750268556643377,-0.37521147440273034,0
3,[2],5,0.029611593357448802,-0.36426294915254237,0
3,[3],5,0.11713527691650748,-0.18519742955326463,0
4,[1],5,0.1411751556129609,-0.37365629850746274,0
4,[2],5,0.12775936129050436,-0.11631529323308269,0
4,[3],5,0.12855063676996736,-0.06276197872340426,0
5,[1],5,,,0
5,[2],5,0.1394480400962308,-0.019857846428571423,0
5,[3],5,0.08984874772674548,-0.446485268722467,0
6,[1],5,0.199899751233227,-0.5212376421404682,0
6,[2],5,0.07148565127125733,-0.2363400068965517,0
6,[345],5,0.04708805621295763,0.02091393265993266,0
7,[1],5,0.039672484466671265,-0.35677375665399236,0
7,[2],5,0.042274264068483544,-0.40100995340501794,0
7,[3],5,0.09968955776382593,-0.25195465762711866,0
8,[2],5,0.01057742556926437,0.03537069204152249,0
8,[34],5,0.009283427016196475,0.07537847887323944,0
9,[2],5,0.050840708402295515,-0.3399810932203389,0
9,[3],5,0.03470275099056411,-0.6214209801587302,0
10,[2],6,0.022855674588891577,-0.3862641026490067,0
10,[3],6,0.059682843525647004,-0.3882750923076923,0
11,[1],6,0.14045885630456567,-0.04000957894736841,0
11,[2],6,0.038315316452983195,-0.12621663299663302,0
11,[3],6,0.09729668823862753,-0.11726630514705881,0
12,[1],6,0.045469865392148416,-0.36721535200000005,0
12,[2],6,0.03643503742985152,-0.46110313214285714,0
12,[3],6,0.0035763257168627757,-0.3865936858237548,0
13,[1],6,0.15059828114528187,-0.2041015684647303,0
13,[2],6,0.05414836743831637,-0.20239746101694914,0
13,[3],6,0.11454900847728341,-0.04986027678571429,0
14,[1],6,0.029443456933759545,-0.7427126357142857,0
14,[24],6,0.008320573739275812,-0.6805360769230768,0
14,[3],6,0.03412942141736347,-0.4362301708185053,0
16,[1],6,0.03492178681359001,-0.2662094085365853,0
16,[2],6,0.08627540059925251,-0.561262551724138,0
16,[3],6,0.09231582199399255,-0.30529407499999994,0
17,[1],6,0.04636354077056299,-0.33209043272727273,0
17,[2],6,0.0760889822863929,-0.2976675867158671,0
17,[34],6,0.1261278753008944,-0.5953727199999999,0
18,[1],6,0.027528697948968135,-0.3861536351351352,0
18,[2],6,0.08104596417155607,-0.4904786208053691,0
18,[3],6,0.03249115596986438,-0.1474195763888889,0
1,[1],6,0.035275694863803005,-0.46236399999999994,0
1,[2],6,0.13209740056454294,-0.5450551184668989,0
1,[3],6,0.007791603684030918,-0.09938982394366196,0
22,[1],6,0.015579891891275136,-0.5786839559322035,0
22,[2],6,0.015579891891275136,-0.5786839559322035,0
22,[3],6,0.03700243632634129,-0.2642297288732394,0
2,[1],6,0.012302535059192416,-0.19820325684931508,0
2,[2],6,0.05369019256689628,-0.3412480448275862,0
2,[3],6,0.06139474323394112,-0.17208179401993356,0
3,[1],6,0.0759458832076892,-0.49090142413793114,0
3,[2],6,0.07444526113187844,-0.2753182382550336,0
3,[3],6,0.017831526622621215,-0.42745673076923074,0
4,[1],6,0.1859870458156034,-0.9823138315412187,0
4,[2],6,0.15774851261516598,-0.23767091634980989,0
4,[3],6,0.04589017021657272,-0.6472184647302904,0
5,[1],6,,,0
5,[2],6,0.22561582272659952,-0.236133790513834,0
5,[3],6,0.07341875907300607,-0.30439184433962263,0
6,[1],6,0.11205944936762775,-0.3149163356401384,0
6,[2],6,0.09611051375833923,-0.28186674581939797,0
6,[345],6,0.012007237364174876,-0.07821041904761905,0
7,[1],6,0.04797845299341982,-0.3064737249070632,0
7,[2],6,0.04244545802215754,-0.37921559701492535,0
7,[3],6,0.029662560008765552,-0.2804345980066445,0
8,[2],6,0.039773893219388935,0.06282501056338029,0
8,[34],6,0.07293900872664391,-0.03155488172043012,0
9,[2],6,0.019287396468502013,-0.5515092552301256,0
9,[3],6,0.058334854008580565,-0.4699125802469136,0
10,[2],7,0.06443633603771112,-0.2979207006802721,0
10,[3],7,0.07284001034003738,-0.28193217624521066,0
11,[1],7,0.06976681295689607,0.008312157303370786,0
11,[2],7,0.10073129811436897,-0.4455013457627118,0
11,[3],7,0.039758546208632735,-0.07778051079136691,0
12,[1],7,0.05429861085196392,-0.6795301687242798,0
12,[2],7,0.12597159661484195,-0.4532635338345864,0
12,[3],7,0.07249236597624555,-0.5562946328125,0
13,[1],7,0.03828961755118918,-0.28066109954751134,0
13,[2],7,0.04259764175735272,-0.19712889583333335,0
13,[3],7,0.15351509782707798,-0.16650033744855966,0
14,[1],7,0.005649224268520804,-0.6846918732394366,0
14,[24],7,0.015569389252035491,-0.6433452346570397,0
14,[3],7,0.08861457692357806,-0.7828401649122807,0
16,[1],7,,,0
16,[2],7,0.1083048822108013,-0.5737603476562501,0
16,[3],7,0.04411729855043144,-0.466691,0
17,[1],7,0.01480854173397626,-0.6236406516853933,0
17,[2],7,0.011926611870229325,-0.44269160885608855,0
17,[34],7,0.020984170963175314,-0.4030746595744681,0
18,[1],7,0.02098566355641806,-0.3994942828282828,0
18,[2],7,0.06307098937092617,-0.3789532491582492,0
18,[3],7,0.05847090023058767,-0.49490725,0
1,[1],7,0.09302224039289622,-0.48387054452054784,0
1,[2],7,0.026447949099012533,-0.6186832123287671,0
1,[3],7,0.07252446013178286,-0.5189652474576271,0
22,[1],7,0.1285836657253038,-0.6983172130584192,0
22,[2],7,0.1285836657253038,-0.6983172130584192,0
22,[3],7,0.07289543045854223,-0.15845708771929826,0
2,[1],7,0.04997933375858335,-0.11877310472972975,0
2,[2],7,0.019859985845743076,-0.33814105862068966,0
2,[3],7,0.002920575334750229,-0.23352761702127658,0
3,[1],7,0.050770270344926274,-0.3181023515358362,0
3,[2],7,0.020484268262210035,-0.35190039130434775,0
3,[3],7,0.036357398941792726,-0.36705578911564624,0
4,[1],7,0.21680240320270996,-0.3293355709090909,0
4,[2],7,0.03190877001681597,-0.242497622406639,0
4,[3],7,0.05671442654458952,-0.7319759929577465,0
5,[1],7,,,0
5,[2],7,0.2976852929880833,-0.08063265182186233,0
5,[3],7,0.07631285286517556,-0.2757380423728813,0
6,[1],7,0.036149341494855027,-0.3280022557377049,0
6,[2],7,0.07638644384073486,0.051377559859154924,0
6,[345],7,0.11848044296553423,-0.27333451986754964,0
7,[1],7,0.03749281377567405,-0.3859358921933085,0
7,[2],7,0.10669648042244594,-0.40796819702602233,0
7,[3],7,0.08402064790703574,-0.21445422181818183,0
8,[2],7,0.09486697476410458,-0.05192908833922263,0
8,[34],7,0.06959261661853589,0.12422332740213522,0
9,[2],7,0.08113463856105405,-0.4673855164835165,0
9,[3],7,0.04977494294839338,-0.7592990708333335,0
10,[2],8,0.06340902842450502,-0.414282252631579,0
10,[3],8,0.0977211073505388,-0.41405562450592887,0
11,[1],8,0.056660419957728886,-0.340146841509434,0
11,[2],8,0.00976530437373929,0.12130151724137933,0
11,[3],8,0.16319617243971324,-0.6604342218181819,0
12,[1],8,0.18307793907665565,-0.6142349110169493,0
12,[2],8,0.15348049606827155,-0.5816874696969697,0
12,[3],8,0.04228003542338865,-0.5352884117647059,0
13,[1],8,0.11662529115362645,-0.11031700448430493,0
13,[2],8,0.060656814639881505,-0.02883949300699301,0
13,[3],8,0.09099723382998208,0.3230468984375,0
14,[1],8,0.06889670188862135,-0.6733156643598617,0
14,[24],8,0.027914809161629278,-0.6388911438596492,0
14,[3],8,0.009991386097255193,-0.511269883161512,0
16,[1],8,,,0
16,[2],8,0.04449729244287701,-0.5421304172932331,0
16,[3],8,0.015402076777827466,-0.4138184928057554,0
17,[1],8,0.12448263267869955,-0.32514493617021284,0
17,[2],8,0.0031845094374463247,-0.5690440218978102,0
17,[34],8,0.01365314657105601,-0.346001359430605,0
18,[1],8,0.1501358485251815,-0.41791471626297577,0
18,[2],8,0.0397791276354791,-0.4855313208191126,0
18,[3],8,0.0532275582877166,-0.39354473263888884,0
1,[1],8,0.00489342084959252,-0.5072250884353741,0
1,[2],8,0.11944960061655988,-0.5404729071428571,0
1,[3],8,0.0394906910102435,-0.39329739862542956,0
22,[1],8,0.023259960081210757,-0.28727434507042254,0
22,[2],8,0.023259960081210757,-0.28727434507042254,0
22,[3],8,0.12879245668610503,-0.33906766064981947,0
2,[1],8,0.025622893731159283,-0.2188293445945946,0
2,[2],8,0.024732806962038147,-0.293734331010453,0
2,[3],8,0.04216513800077446,-0.21218912671232878,0
3,[1],8,0.055129132635344406,-0.27278161616161617,0
3,[2],8,0.013605077773341991,-0.38717404067796607,0
3,[3],8,0.12460138421083752,-0.1587111598639456,0
4,[1],8,0.08695776434685788,-0.4319057325581395,0
4,[2],8,0.06298639032914632,-0.37402136220472443,0
4,[3],8,0.05634813878254689,-0.3543353321554771,0
5,[1],8,,,0
5,[2],8,0.129580271705298,-0.18383579324894517,0
5,[3],8,0.06664689950318643,-0.2602136952789699,0
6,[1],8,0.03265628134151723,-0.19012867142857146,0
6,[2],8,0.052433713313403275,0.01552067013888889,0
6,[345],8,0.02339930410103883,-0.41403166216216214,0
7,[1],8,0.04576228958385525,-0.4853968419117647,0
7,[2],8,0.046603055355734835,-0.31210054804270465,0
7,[3],8,0.10269998935596962,-0.08343591467576791,0
8,[2],8,0.05511474080155999,0.11925881588447657,0
8,[34],8,0.04264571955290414,0.08660570921985815,0
9,[2],8,0.15069582640488838,-0.3847739962121212,0
9,[3],8,0.0409746209374766,-0.42422916115702475,0
10,[2],9,0.08171330308240823,-0.3656481808510638,0
10,[3],9,0.030969732702198542,-0.461982101214575,0
11,[1],9,0.0888034845803398,0.03404943430656934,0
11,[2],9,0.06768475686819309,-0.44870668402777775,0
11,[3],9,0.08438355031777663,-0.14782430388692577,0
12,[1],9,0.0740990207760565,-0.44988631578947375,0
12,[2],9,0.06570549870096078,-0.29321950364963506,0
12,[3],9,0.033164158809794876,-0.3935124089347079,0
13,[1],9,0.01724712371662801,-0.08946607423580788,0
13,[2],9,0.06356005560446731,-0.07121777966101694,0
13,[3],9,0.024536496094989927,0.162470888,0
14,[1],9,0.029505397842478936,-0.6429259786476867,0
14,[24],9,0.03624330896025193,-0.5129527526132405,0
14,[3],9,0.04839230193064195,-0.22690625174825177,0
16,[1],9,,,0
16,[2],9,0.042081796389568445,-0.34463290789473683,0
16,[3],9,0.05768438314134178,-0.48984416724738683,0
17,[1],9,0.031583353694149344,-0.4559834007490637,0
17,[2],9,0.03884240900754096,-0.29404075444839856,0
17,[34],9,0.05333580347717712,-0.29343051140065146,0
18,[1],9,0.015011598973749995,-0.4629619790940767,0
18,[2],9,0.021821257047529533,-0.4806595729537366,0
18,[3],9,0.03129318136195164,-0.35201396283783787,0
1,[1],9,0.07468701552661038,-0.4624438531468531,0
1,[2],9,0.04868584482053965,-0.7391489964412812,0
1,[3],9,0.02770937059212436,-0.4433095261324042,0
22,[1],9,0.06204666125315892,-0.8367526595744681,0
22,[2],9,0.06204666125315892,-0.8367526595744681,0
22,[3],9,0.02197337914089668,-0.15352007352941174,0
2,[1],9,0.037067208426227106,-0.13142036426116838,0
2,[2],9,0.013479184435331264,-0.2891582931034483,0
2,[3],9,0.06786116142733027,-0.25237514144736845,0
3,[1],9,0.022587994096354442,-0.5655398963210703,0
3,[2],9,0.0156949527037042,-0.46697553061224484,0
3,[3],9,0.06949562728412444,-0.4284478869863013,0
4,[1],9,0.023882407299131325,-0.6366756346863468,0
4,[2],9,0.10386689234538019,-0.21395893916349812,0
4,[3],9,0.11033756905179394,-0.21489438490566037,0
5,[1],9,,,0
5,[2],9,0.12915813338433263,-0.3291104887218045,0
5,[3],9,0.047491013054963664,-0.5731919441624366,0
6,[1],9,0.06970118405125315,-0.16029420000000003,0
6,[2],9,0.12186710531301637,-0.2626120883392226,0
6,[345],9,0.07498591250042536,-0.2025504440677966,0
7,[1],9,0.04605376482305431,-0.5799658865248227,0
7,[2],9,0.03337589155976867,-0.41943262724014335,0
7,[3],9,0.03830391264962109,-0.27573713175675674,0
8,[2],9,0.038413156559590995,-0.08989721631205676,0
8,[34],9,0.06921041273152316,0.09700340425531914,0
9,[2],9,0.01783022877192398,-0.3992274961832062,0
9,[3],9,0.03687147544041886,-0.5238984811715481,0
10,[2],10,0.1536424627410324,-0.10404183157894738,0
10,[3],10,0.10241256353606452,-0.26895437262357413,0
11,[1],10,0.24681414427999163,-0.06998050545454547,0
11,[2],10,0.11817693487501667,-0.7208947979094078,0
11,[3],10,0.07594384951897233,-0.23994764743589747,0
12,[1],10,0.08601755217259922,-0.5526765518518518,0
12,[2],10,0.19656846769943567,-0.6544522773722627,0
12,[3],10,0.018945385380306448,-0.4030120239726028,0
13,[1],10,0.12574332324419604,-0.033900825,0
13,[2],10,0.0927477579068668,-0.0550911046931408,0
13,[3],10,0.10945247561229944,0.09201074721189591,0
14,[1],10,0.04495034543988795,-0.5990389831081081,0
14,[24],10,0.01591891678771847,-0.2820724768683274,0
14,[3],10,0.041756301016235106,-0.43836102430555557,0
16,[1],10,,,0
16,[2],10,0.09370842171781159,-0.44232637908496736,0
16,[3],10,0.01697852976681146,-0.3669040070921986,0
17,[1],10,0.02399063329004291,-0.41837894402985076,0
17,[2],10,0.07287523191250171,-0.17920966548042705,0
17,[34],10,0.004558514320492694,-0.4424931736111111,0
18,[1],10,0.01970292994568597,-0.36558847735191635,0
18,[2],10,0.1716117308280259,-0.5234132076124567,0
18,[3],10,0.05018690190202107,-0.35993043564356436,0
1,[1],10,,,0
1,[2],10,0.06542919929318386,-0.46807511929824563,0
1,[3],10,0.010528691543697163,-0.05725542402826855,0
22,[1],10,0.037062550259092546,-0.6093826573426573,0
22,[2],10,0.037062550259092546,-0.6093826573426573,0
22,[3],10,0.11173031420740549,-0.27941123333333334,0
2,[1],10,0.08787737156001899,-0.18343653125000003,0
2,[2],10,0.04071106552935419,-0.16863703484320555,0
2,[3],10,0.022665309373923644,-0.1401592474916388,0
3,[1],10,0.058037871435776954,-0.2980130536912751,0
3,[2],10,0.057176050457189646,-0.3875523468013468,0
3,[3],10,0.017080342740654723,-0.38208805154639175,0
4,[1],10,0.06246460337687111,-0.37130324398625425,0
4,[2],10,0.06372652061774088,-0.21759050184501846,0
4,[3],10,0.06534108056292716,-0.6523638398576512,0
5,[1],10,,,0
5,[2],10,0.2218120609206824,-0.2896318859315589,0
5,[3],10,0.4639066432649589,-0.8815309020408163,0
6,[1],10,0.23411250758676574,-0.38999202564102564,0
6,[2],10,0.03266228194756294,-0.2374177317073171,0
6,[345],10,0.047351050829954715,-0.6555175208333333,0
7,[1],10,0.04708402542992261,-0.3622897392857143,0
7,[2],10,0.022426252203679845,-0.2792181006944444,0
7,[3],10,0.040929700818502696,-0.1308042194244604,0
8,[2],10,0.03774535974848284,0.10533819587628866,0
8,[34],10,0.059143268270837906,-0.0072298913043478295,0
9,[2],10,0.015445895621859038,-0.31422116730038024,0
9,[3],10,0.08616090133380117,-0.30623743983402485,0
10,[2],11,0.08013525883482976,-0.3626778159722222,0
10,[3],11,0.03655357541866027,-0.23004325187969926,0
11,[1],11,,,0
11,[2],11,0.017290101166266066,-0.08291095818815332,0
11,[3],11,0.0334343063754374,-0.14728952961672473,0
12,[1],11,0.09315747061819007,-0.523562,0
12,[2],11,0.032363684251284164,-0.4668149655172414,0
12,[3],11,0.04453292513188622,-0.3634206148409894,0
13,[1],11,,,0
13,[2],11,0.04963323417896373,-0.07839697991967871,0
13,[3],11,0.08670271529005269,0.04398021033210331,0
14,[1],11,,,0
14,[24],11,0.05501393615388338,-0.5885174545454546,0
14,[3],11,0.017165421989112636,-0.22420425000000002,0
16,[1],11,,,0
16,[2],11,0.04189559627952702,-0.3155703399339934,0
16,[3],11,0.06631243968522228,-0.37479757295373667,0
17,[1],11,,,0
17,[2],11,0.023780890927133085,-0.30011672327044026,0
17,[34],11,0.05166368908439528,-0.5352583758865248,0
18,[1],11,,,0
18,[2],11,0.08710507887380495,-0.35259368835616434,0
18,[3],11,0.04243712642511894,-0.6306149455782313,0
1,[1],11,,,0
1,[2],11,0.14336916752969558,-0.47383919655172413,0
1,[3],11,0.054246493178291645,-0.22070014237288132,0
22,[1],11,0.04027546958066786,-0.45993371478873235,0
22,[2],11,0.04027546958066786,-0.45993371478873235,0
22,[3],11,0.011331062355135793,-0.4524749625468165,0
2,[1],11,0.07306797885685744,-0.33240244329896906,0
2,[2],11,0.035321225209646305,-0.13351953608247424,0
2,[3],11,0.0176212397565831,-0.2866603513513513,0
3,[1],11,,,0
3,[2],11,0.013836641003605208,-0.2153493804713805,0
3,[3],11,0.017029180517713564,-0.26810648275862065,0
4,[1],11,0.0742316262446388,-0.36464268367346936,0
4,[2],11,0.07189196689047365,-0.45395404744525547,0
4,[3],11,0.2811495039314113,-0.5361458363636364,0
5,[1],11,,,0
5,[2],11,0.04356168036836028,-0.19740966938775512,0
5,[3],11,0.11830919610985191,-0.18355414414414414,0
6,[1],11,0.07767899908000431,-0.3354581096491228,0
6,[2],11,0.19504459629098903,-0.43562516104868915,0
6,[345],11,0.09580113324810058,-0.23327665972222222,0
7,[1],11,,,0
7,[2],11,0.010159430943427538,-0.3767890464285714,0
7,[3],11,0.0607781081595514,-0.18055163036303631,0
8,[2],11,0.09398239047011482,-0.01792754513888889,0
8,[34],11,0.035623717779350875,-0.061490277777777776,0
9,[2],11,0.062361757625501814,-0.47162827985074623,0
9,[3],11,0.020978099254650683,-0.6158842906976744,0
10,[2],12,0.18855518552170536,-0.1931487577854671,0
10,[3],12,0.017561486529149503,-0.18197113553113553,0
11,[1],12,,,0
11,[2],12,0.06984956546663355,-0.2257826550522648,0
11,[3],12,0.1499808034714623,-0.10616296785714287,0
12,[1],12,0.08160982834003308,-0.5701571737588652,0
12,[2],12,0.033194463361602956,-0.2960259037037037,0
12,[3],12,0.12954366405544476,-0.40086912027491406,0
13,[1],12,,,0
13,[2],12,0.08644207311703181,-0.0706810955882353,0
13,[3],12,0.026173144764267037,-0.1505789512195122,0
14,[1],12,,,0
14,[24],12,0.02883534137300468,-0.5754447152317881,0
14,[3],12,0.04594885815130537,-0.41235368085106383,0
16,[1],12,,,0
16,[2],12,0.09893012200021688,-0.444102125,0
16,[3],12,0.058647075685320245,-0.2747711678571429,0
17,[1],12,,,0
17,[2],12,0.07155247028079778,-0.24259364590163934,0
17,[34],12,0.03899576822702243,-0.33122309893992935,0
18,[1],12,,,0
18,[2],12,0.07001089847189151,-0.0013847037037036977,0
18,[3],12,0.07599087463638907,-0.32503716279069766,0
1,[1],12,,,0
1,[2],12,0.043121323314238985,-0.23467780219780215,0
1,[3],12,0.01699379720079011,-0.36114933101045293,0
22,[1],12,0.04048431436882464,-0.04929390812720849,0
22,[2],12,0.04048431436882464,-0.04929390812720849,0
22,[3],12,0.05338722198891979,-0.4185126327272727,0
2,[1],12,0.01936435852548655,-0.31675610437710433,0
2,[2],12,0.02293852058363404,-0.24796373793103446,0
2,[3],12,0.00997694778644552,-0.28604715862068963,0
3,[1],12,,,0
3,[2],12,0.05405003826168938,-0.05722561073825502,0
3,[3],12,0.0070705758926591375,-0.2491014448275862,0
4,[1],12,0.3772468551110557,-0.520479505376344,0
4,[2],12,0.08112772167183444,-0.15202784671532849,0
4,[3],12,0.08870913359993732,-0.6964280459770115,0
5,[1],12,,,0
5,[2],12,0.11248340993971133,-0.09016132467532469,0
5,[3],12,0.4309466277252172,-0.4136137519379845,0
6,[1],12,,,0
6,[2],12,0.10213228498955423,-0.28448872147651005,0
6,[345],12,0.05984638067795456,-0.23278717770034846,0
7,[1],12,,,0
7,[2],12,0.05569114542709711,-0.303938768683274,0
7,[3],12,0.15442654277929174,-0.37621892881355934,0
8,[2],12,0.08343516280212832,-0.04763043103448275,0
8,[34],12,0.11314779524736099,0.24625286428571427,0
9,[2],12,0.07316700689306621,-0.4642050325203252,0
9,[3],12,0.0473883889513721,-0.6589434899598394,0
10,[2],13,0.058219832931499606,-0.21999590252707582,0
10,[3],13,0.07307078289475041,-0.26421944776119405,0
11,[1],13,,,0
11,[2],13,0.15869385317102955,-0.14286665384615385,0
11,[3],13,0.07884943849149277,0.2824806202090592,0
12,[1],13,,,0
12,[2],13,0.056335571808495195,-0.5125702081784388,0
12,[3],13,0.07145664503321694,-0.07555012456747406,0
13,[1],13,,,0
13,[2],13,0.07265075552050355,-0.13323854448398578,0
13,[3],13,0.022875731706015114,-0.34120335317460315,0
14,[1],13,,,0
14,[24],13,0.0051477560855214535,-0.4547687979452054,0
14,[3],13,0.010567876972280133,-0.4125059100346021,0
16,[1],13,,,0
16,[2],13,0.06813203160080643,-0.14396502013422818,0
16,[3],13,0.06937528848506906,-0.2932740577617328,0
17,[1],13,,,0
17,[2],13,0.011611200802269454,-0.33233392352941177,0
17,[34],13,0.005259205975797811,-0.45862656428571424,0
18,[1],13,,,0
18,[2],13,0.07944830696767331,-0.5853849401993356,0
18,[3],13,0.09273449323490607,-0.52087922147651,0
1,[1],13,,,0
1,[2],13,0.09519280950262765,-0.3264591660899654,0
1,[3],13,0.046079589438959206,-0.205038446366782,0
22,[1],13,0.0859392449050072,-0.3224930071428571,0
22,[2],13,0.0859392449050072,-0.3224930071428571,0
22,[3],13,0.02687484982209535,-0.3174815777027027,0
2,[1],13,,,0
2,[2],13,0.011925737299750865,-0.22401374402730378,0
2,[3],13,0.05451754656230174,-0.3747021337792642,0
3,[1],13,,,0
3,[2],13,0.08462831094260738,-0.41983752233676974,0
3,[3],13,0.013273503040962795,-0.3024765085910653,0
4,[1],13,0.13709650870606124,-0.2287147803030303,0
4,[2],13,0.1967891030484841,-0.5553790291970803,0
4,[3],13,0.07171579326416062,-0.15303638628158847,0
5,[1],13,,,0
5,[2],13,0.12512229179609807,-0.13515919776119406,0
5,[3],13,0.08166400142861154,-0.21409811206896553,0
6,[1],13,,,0
6,[2],13,0.053167642990399167,-0.2355484372881356,0
6,[345],13,0.04000204851736798,-0.09732971381578948,0
7,[1],13,,,0
7,[2],13,0.038840356127359685,-0.3656505806451613,0
7,[3],13,0.04731164105442736,-0.3844159967532467,0
8,[2],13,0.052927252406574775,0.10435222491349481,0
8,[34],13,0.050862020093228315,-0.02828868543046358,0
9,[2],13,0.012813257364394868,-0.2693211173913044,0
9,[3],13,0.0897580584732648,-0.5144462129277566,0
10,[2],14,0.05290384738280762,-0.2781384945848376,0
10,[3],14,0.04770126195447428,-0.16129352500000002,0
11,[1],14,,,0
11,[2],14,0.06890829476538021,-0.31620013804713804,0
11,[3],14,0.10303632173478296,0.2399317351916376,0
12,[1],14,,,0
12,[2],14,0.048840200155880927,-0.19524239846743296,0
12,[3],14,0.0982945276730768,-0.2999657038327526,0
13,[1],14,,,0
13,[2],14,0.055063286987895387,-0.2585176136363636,0
13,[3],14,0.024034081744348856,-0.03501697211155378,0
14,[1],14,,,0
14,[24],14,0.005836723589437368,-0.5804999108527132,0
14,[3],14,0.11408402357489758,-0.8308451241134752,0
16,[1],14,,,0
16,[2],14,0.11895436767272279,-0.4349350451612904,0
16,[3],14,0.051502684744423335,-0.3149378439716312,0
17,[1],14,,,0
17,[2],14,0.0226994717603577,-0.16783961890243904,0
17,[34],14,0.042771951421503696,-0.23821173646209387,0
18,[1],14,,,0
18,[2],14,0.01829705721032202,-0.7327434794520548,0
18,[3],14,0.02860181125031337,-0.2870873256578948,0
1,[1],14,,,0
1,[2],14,0.1481858752826198,-0.32689811660777385,0
1,[3],14,0.17572674014350448,-0.1964339593220339,0
22,[1],14,0.0770459093705254,-0.16509694680851064,0
22,[2],14,0.0770459093705254,-0.16509694680851064,0
22,[3],14,0.04076878795737296,-0.3226970537634409,0
2,[1],14,,,0
2,[2],14,0.016973125990910738,-0.2567182491349481,0
2,[3],14,0.007818069858755989,-0.2914362833333333,0
3,[1],14,,,0
3,[2],14,0.03848017795099686,-0.3192611689189189,0
3,[3],14,0.10874802206081033,-0.7153493287671233,0
4,[1],14,,,0
4,[2],14,0.16742210327822005,-0.47228008778625963,0
4,[3],14,0.14493112251893897,-0.43189677898550727,0
5,[1],14,,,0
5,[2],14,0.10434379736480422,-0.03180131386861314,0
5,[3],14,0.2778388374571187,0.5977270579710144,0
6,[1],14,,,0
6,[2],14,0.015968599079333547,-0.04782483793103449,0
6,[345],14,0.1617673532292752,-0.4137285288135593,0
7,[1],14,,,0
7,[2],14,0.04883846682143137,-0.38623380215827335,0
7,[3],14,0.018444414334402706,-0.18134858620689653,0
8,[2],14,0.03907864976557067,0.31655889788732394,0
8,[34],14,0.045045043828427805,-0.21980951379310343,0
9,[2],14,0.019016357300147516,-0.5038372669491525,0
9,[3],14,0.3868455663614492,-0.8041383857677903,0
10,[2],15,0.10082567218594274,-0.36588836764705884,0
10,[3],15,0.02882616424952375,-0.3794649851851852,0
11,[1],15,,,0
11,[2],15,0.10728186833382578,-0.12642781578947368,0
11,[3],15,0.051054013891212974,-0.09834406028368795,0
12,[1],15,,,0
12,[2],15,0.041892869063578454,-0.5379320072727274,0
12,[3],15,0.019657184264962303,-0.33131864056939503,0
13,[1],15,,,0
13,[2],15,0.08969239583138237,0.09640608053691276,0
13,[3],15,0.026196412478412284,-0.16118500395256918,0
14,[1],15,,,0
14,[24],15,0.004553533224883062,-0.5895327902097901,0
14,[3],15,0.026393486653425616,-0.6320722720848058,0
16,[1],15,,,0
16,[2],15,0.14287115953679178,-0.26107413057324835,0
16,[3],15,0.1225309834643226,-0.19433211851851853,0
17,[1],15,,,0
17,[2],15,0.01201643259626308,-0.36808446951219514,0
17,[34],15,0.021378010056568964,-0.26986276000000003,0
18,[1],15,,,0
18,[2],15,0.058331327849036975,-0.2688544425675676,0
18,[3],15,0.10055238640855324,-0.5052963658536586,0
1,[1],15,,,0
1,[2],15,0.048942260030802334,-0.12268210211267606,0
1,[3],15,0.023234209333715967,-0.540659809352518,0
22,[1],15,0.08161544765456699,-0.6549115241635688,0
22,[2],15,0.08161544765456699,-0.6549115241635688,0
22,[3],15,0.026275129946834813,-0.17405468333333335,0
2,[1],15,,,0
2,[2],15,0.03887816601032934,-0.23709148601398602,0
2,[3],15,0.028273758192509702,-0.26683598939929326,0
3,[1],15,,,0
3,[2],15,0.06860768320339093,-0.3686161911262799,0
3,[3],15,0.018482860205573003,-0.039721180602006696,0
4,[1],15,,,0
4,[2],15,0.13861003364566368,-0.4936359398496241,0
4,[3],15,0.08885850046391403,-0.6515669103448276,0
5,[1],15,,,0
5,[2],15,0.1954902057514365,-0.05696163636363637,0
5,[3],15,0.04859782477741332,0.2978236047619048,0
6,[1],15,,,0
6,[2],15,0.06500697698849624,-0.3324328983050847,0
6,[345],15,0.056519779857347026,-0.18638982653061223,0
7,[1],15,,,0
7,[2],15,0.03217474562067735,-0.2854184910394265,0
7,[3],15,0.055360772037640046,-0.2201388239202658,0
8,[2],15,0.04778907338551772,0.026813470790378005,0
8,[34],15,0.02215961399828231,0.06259628523489932,0
9,[2],15,0.015272968130022898,-0.4827021581027668,0
9,[3],15,0.06168399618590548,-0.5847500882352942,0
10,[2],16,0.09230304053725713,-0.16246740363636364,0
10,[3],16,0.014278615832285513,-0.4245407740740741,0
11,[1],16,,,0
11,[2],16,0.2701924458259675,-0.47560232624113474,0
11,[3],16,0.24682003562559152,-0.4137230070422535,0
12,[1],16,,,0
12,[2],16,0.15897902618051854,-0.2808362652329749,0
12,[3],16,0.09415890932091053,-0.49569893884892086,0
13,[1],16,,,0
13,[2],16,0.023641995016540032,-0.02065225468164794,0
13,[3],16,0.044690431227820106,-0.18595696666666664,0
14,[1],16,,,0
14,[24],16,0.009233922805804302,-0.659216254180602,0
14,[3],16,0.012645168051784167,-0.45243490492957744,0
16,[1],16,,,0
16,[2],16,0.04038714401800661,-0.4348493516129033,0
16,[3],16,0.017694491320633714,-0.20589778966789668,0
17,[1],16,,,0
17,[2],16,0.0469105571918201,-0.24454435454545453,0
17,[34],16,0.060979879896984085,-0.4998137604562738,0
18,[1],16,,,0
18,[2],16,0.022809395741903382,-0.09781796710526315,0
18,[3],16,0.13775384401429952,-0.7136228496732027,0
1,[1],16,,,0
1,[2],16,0.05453245376592856,-0.33241421403508775,0
1,[3],16,0.021166176150579735,-0.21608717647058825,0
22,[1],16,0.04520182683121399,-0.28410209712230217,0
22,[2],16,0.04520182683121399,-0.28410209712230217,0
22,[3],16,0.192239012217183,-0.3963488727915194,0
2,[1],16,,,0
2,[2],16,0.01627876377866679,-0.3047342272727273,0
2,[3],16,0.026194226647698805,-0.21511110169491524,0
3,[1],16,,,0
3,[2],16,0.04660983409506624,-0.42154352,0
3,[3],16,0.04509146486076818,-0.2091665622895623,0
4,[1],16,,,0
4,[2],16,0.1780664592362015,-0.5605301428571428,0
4,[3],16,0.13299589580232146,-0.27092016845878136,0
5,[1],16,,,0
5,[2],16,0.3278305974196451,0.0625809573643411,0
5,[3],16,0.10420722689469568,-0.272127423580786,0
6,[1],16,,,0
6,[2],16,0.1251594776347554,-0.3780739559322034,0
6,[345],16,0.057517591166920276,-0.49278198310810806,0
7,[1],16,,,0
7,[2],16,0.06610269147564482,-0.1144373,0
7,[3],16,0.1954168773731429,-0.16255027419354842,0
8,[2],16,0.014427372982895979,-0.08463469624573379,0
8,[34],16,0.059223464884758166,-0.16713199326599326,0
9,[2],16,0.03678032811174286,-0.473508992481203,0
9,[3],16,0.06088445202513316,-0.58461757421875,0
10,[2],17,0.10057047221406949,-0.22866636585365852,0
10,[3],17,0.01509346939624513,-0.3570224562737643,0
11,[1],17,,,0
11,[2],17,0.08582776558263237,-0.5143295672727273,0
11,[3],17,0.0689958081751175,-0.0072062013651877175,0
12,[1],17,,,0
12,[2],17,0.09713228694835203,-0.3442389288256228,0
12,[3],17,0.06110296803577294,-0.2736092,0
13,[1],17,,,0
13,[2],17,0.05880137869610054,-0.2636357665505227,0
13,[3],17,0.08639726802388671,-0.2784552426778243,0
14,[1],17,,,0
14,[24],17,0.04883262842440643,-0.5185853228070174,0
14,[3],17,0.01599125440955901,-0.4335615363321799,0
16,[1],17,,,0
16,[2],17,0.10711114499284742,-0.3420845404530744,0
16,[3],17,0.05731823426402664,-0.4058856059479554,0
17,[1],17,,,0
17,[2],17,0.022429693505670256,-0.3958198804664723,0
17,[34],17,0.02739603196715336,-0.46349260666666664,0
18,[1],17,,,0
18,[2],17,0.10972582461855102,-0.13671796527777777,0
18,[3],17,0.14156141766926345,-0.48952735958904114,0
1,[1],17,,,0
1,[2],17,0.029460821109194384,-0.593322300330033,0
1,[3],17,0.008205670000131431,-0.22630449823321555,0
22,[1],17,0.15117607027156002,-0.49021166791044785,0
22,[2],17,0.15117607027156002,-0.49021166791044785,0
22,[3],17,0.03017575263811959,-0.08873400675675676,0
2,[1],17,,,0
2,[2],17,0.03415720835380701,-0.31529445945945944,0
2,[3],17,0.025290349730498124,-0.15497136734693875,0
3,[1],17,,,0
3,[2],17,0.033937830428518535,-0.5066765353535354,0
3,[3],17,0.02432178287935687,-0.16485141806020068,0
4,[1],17,,,0
4,[2],17,0.17239034940986936,-0.8439388345864661,0
4,[3],17,0.07443935917550973,-0.4080356385135135,0
5,[1],17,,,0
5,[2],17,0.10396526250413528,-0.3935298883116883,0
5,[3],17,0.15477283057064123,0.33332062770562765,0
6,[1],17,,,0
6,[2],17,0.09324756462877776,-0.21019915050167226,0
6,[345],17,0.23380831904075364,-0.3241022482993197,0
7,[1],17,,,0
7,[2],17,0.022301874498533686,-0.23979413103448277,0
7,[3],17,0.015775101399512853,-0.35522819741100325,0
8,[2],17,0.18832048432209014,0.233347023890785,0
8,[34],17,0.026347813347638072,0.14197800673400673,0
9,[2],17,0.022844066761328736,-0.3761957322834646,0
9,[3],17,0.0699435384109427,-0.40634104270462634,0
10,[2],18,0.10850569997129969,-0.5993524048442908,0
10,[3],18,0.1042228025284019,-0.2927485167286245,0
11,[1],18,,,0
11,[2],18,0.048176455836372895,-0.13929646762589928,0
11,[3],18,0.13478239783012297,0.1504728422818792,0
12,[1],18,,,0
12,[2],18,0.06963161119438728,-0.4761465381944444,0
12,[3],18,0.047582065799032465,-0.23720940282685513,0
13,[1],18,,,0
13,[2],18,0.13953000410936192,-0.08418041176470588,0
13,[3],18,0.044184494864261424,-0.26223710743801654,0
14,[1],18,,,0
14,[24],18,0.010845104824608931,-0.41617276223776223,0
14,[3],18,0.019243596732090577,-0.12731264184397162,0
16,[1],18,,,0
16,[2],18,0.08954591570847983,-0.7396700604026845,0
16,[3],18,0.0845875267633357,-0.41639218959107804,0
17,[1],18,,,0
17,[2],18,0.06768427570687677,-0.46409766265060237,0
17,[34],18,0.05833690635992604,-0.3201890856164384,0
18,[1],18,,,0
18,[2],18,0.010452991163056686,-0.31522684949832774,0
18,[3],18,0.1556871158004858,-0.2159278934707904,0
1,[1],18,,,0
1,[2],18,0.07507165652778185,-0.7100162701754386,0
1,[3],18,0.030930585910298,-0.18287723529411767,0
22,[1],18,0.036493977646099185,-0.08345616845878136,0
22,[2],18,0.036493977646099185,-0.08345616845878136,0
22,[3],18,0.019158623708984964,-0.3560895543859649,0
2,[1],18,,,0
2,[2],18,0.01648066511751893,-0.18483147972972971,0
2,[3],18,0.00952971325032687,-0.18469777666666665,0
3,[1],18,,,0
3,[2],18,0.05671051758727623,-0.0465320033557047,0
3,[3],18,0.03093261069850937,-0.10805940202702703,0
4,[1],18,,,0
4,[2],18,0.10142520987079386,-0.3790895795454545,0
4,[3],18,0.17356983340449342,-0.453636,0
5,[1],18,,,0
5,[2],18,0.13179827923707874,-0.1402420404411765,0
5,[3],18,0.1556262778087114,-0.17987620627802692,0
6,[1],18,,,0
6,[2],18,0.1666718126958247,-0.14975451475409837,0
6,[345],18,0.014154067652749906,-0.4648650877192983,0
7,[1],18,,,0
7,[2],18,0.013831250226516555,-0.3726784414715719,0
7,[3],18,0.06020864174097878,-0.12862727960526316,0
8,[2],18,0.11344969387166995,-0.09024403412969283,0
8,[34],18,0.04882233818757171,-0.048360484848484854,0
9,[2],18,0.025206841911760126,-0.41488450557620815,0
9,[3],18,0.020074246115416982,-0.5729753854545454,0
10,[2],19,0.08487411698327847,-0.21102801694915255,0
10,[3],19,0.10978625127173355,-0.40386942049469965,0
11,[1],19,,,0
11,[2],19,0.017553401394600945,-0.3683734128113879,0
11,[3],19,0.008144083360121141,0.03174857190635452,0
12,[1],19,,,0
12,[2],19,0.09992970217370636,-0.4751923240418119,0
12,[3],19,0.043299421055539807,-0.48823246296296297,0
13,[1],19,,,0
13,[2],19,0.15390606112491675,-0.13867261204013379,0
13,[3],19,0.01990571910391408,-0.37514087890625,0
14,[1],19,,,0
14,[24],19,0.04804726139188809,-0.5538544839857652,0
14,[3],19,0.02501206251504038,-0.08365959057971013,0
16,[1],19,,,0
16,[2],19,0.20841991061852475,-0.6254791999999999,0
16,[3],19,0.05108011265129073,-0.3334197886792453,0
17,[1],19,,,0
17,[2],19,0.028159189421973735,-0.34934543582089556,0
17,[34],19,0.014291872388451555,-0.3698504738675958,0
18,[1],19,,,0
18,[2],19,0.04982209974098829,-0.42623684641638226,0
18,[3],19,0.01998887416687571,-0.30758970629370624,0
1,[1],19,,,0
1,[2],19,0.060118086047279376,-0.4974685865724382,0
1,[3],19,0.05903580243190411,-0.3107369359430605,0
22,[1],19,0.08632889822468781,-0.5266584229390682,0
22,[2],19,0.08632889822468781,-0.5266584229390682,0
22,[3],19,0.06671025397723354,-0.530276352112676,0
2,[1],19,,,0
2,[2],19,0.016242580471753393,-0.2690442881355932,0
2,[3],19,0.012775404868579407,-0.25982602405498284,0
3,[1],19,,,0
3,[2],19,0.024326229736324045,-0.18450154515050166,0
3,[3],19,0.0770558497670444,-0.19724295622895627,0
4,[1],19,,,0
4,[2],19,0.1503825567615761,-0.5347485802919709,0
4,[3],19,0.12039701130647616,-0.6354553869863013,0
5,[1],19,,,0
5,[2],19,0.054670176660922755,0.16590948301886793,0
5,[3],19,0.05343103261007251,-0.8396486405529954,0
6,[1],19,,,0
6,[2],19,0.055186791755969584,-0.09888048829431437,0
6,[345],19,0.06124305607722982,-0.2590784358208955,0
7,[1],19,,,0
7,[2],19,0.07667279056888794,-0.28742858131487886,0
7,[3],19,0.07949713207862903,-0.31460418811881186,0
8,[2],19,0.04048452419225541,0.08109321575342467,0
8,[34],19,0.037437474124354934,0.05416767346938776,0
9,[2],19,0.09795442632764585,-0.42116916606498195,0
9,[3],19,0.06338525748902694,-0.46251561397058827,0
10,[2],20,0.04479890244996575,-0.03291554416961131,0
10,[3],20,0.03047481887683781,-0.3762961397058823,0
11,[1],20,,,0
11,[2],20,0.09155138708062205,-0.21001828421052632,0
11,[3],20,0.04633034639466915,-0.08811020066889633,0
12,[1],20,,,0
12,[2],20,0.05056646734990566,-0.29750887456445996,0
12,[3],20,0.1802028133575262,-0.3066207598566308,0
13,[1],20,,,0
13,[2],20,0.03663933588287887,-0.10717584713375797,0
13,[3],20,0.05896850645474522,-0.2452190577777778,0
14,[1],20,,,0
14,[24],20,0.052050012334088354,-0.4588417935943061,0
14,[3],20,0.0887652442512927,-0.2029390354609929,0
16,[1],20,,,0
16,[2],20,0.07485350294687915,-0.4460663597359736,0
16,[3],20,0.11338877368166553,-0.368454223880597,0
17,[1],20,,,0
17,[2],20,0.03668461783347306,-0.2736262840236686,0
17,[34],20,0.025469537704310305,-0.21204044680851064,0
18,[1],20,,,0
18,[2],20,0.03141150627771719,-0.37716153999999996,0
18,[3],20,0.06414379753001441,-0.258095652027027,0
1,[1],20,,,0
1,[2],20,0.09958103021022854,-0.5243774545454546,0
1,[3],20,0.06160235073123289,-0.17351096819787987,0
22,[1],20,0.07281302439407936,-0.3410787167832167,0
22,[2],20,0.07281302439407936,-0.3410787167832167,0
22,[3],20,0.054288233290490505,-0.13458557142857142,0
2,[1],20,,,0
2,[2],20,0.020292856242841262,-0.20854585416666668,0
2,[3],20,0.04581431873685593,-0.315121180887372,0
3,[1],20,,,0
3,[2],20,0.024317207270022886,-0.3913401700680272,0
3,[3],20,0.04290545688521333,-0.4056034965986394,0
4,[1],20,,,0
4,[2],20,0.027968640115642113,-0.2870539484536082,0
4,[3],20,0.06024862543716937,-0.170143146179402,0
5,[1],20,,,0
5,[2],20,0.03317381713126788,-0.2535580260223048,0
5,[3],20,0.05810922266759266,-0.3072008165938864,0
6,[1],20,,,0
6,[2],20,0.019388384054780827,0.05424446822742475,0
6,[345],20,0.03341054579430236,-0.1865751656441718,0
7,[1],20,,,0
7,[2],20,0.04172275079729312,-0.20741044405594408,0
7,[3],20,0.016785137235822166,-0.2472081818181818,0
8,[2],20,0.1649146035555716,0.19056420270270272,0
8,[34],20,0.11130016303591012,0.06132474744027303,0
9,[2],20,0.10082064917123995,-0.457448518939394,0
9,[3],20,0.06487024524599665,-0.33092203745318355,0
10,[2],21,0.04270646088424541,-0.2780893829787234,0
10,[3],21,0.054715772417604606,-0.3329190875912409,0
11,[1],21,,,0
11,[2],21,0.17485644770573505,-0.7826475985915493,0
11,[3],21,0.08770093695625467,-0.021786794612794605,0
12,[1],21,,,0
12,[2],21,0.07138641548916605,-0.43792911683848795,0
12,[3],21,0.04406823643575358,-0.5481992896551725,0
13,[1],21,,,0
13,[2],21,0.0747604936925286,0.16923387539936102,0
13,[3],21,0.08590802756153558,-0.19792787603305784,0
14,[1],21,,,0
14,[24],21,0.047420603634962276,-0.38751414423076924,0
14,[3],21,0.01171669331915664,-0.43417644027303753,0
16,[1],21,,,0
16,[2],21,0.044503637095266335,-0.5102688614864864,0
16,[3],21,0.13691038893697163,-0.42554393656716427,0
17,[1],21,,,0
17,[2],21,0.04833471159527347,-0.3625719583333333,0
17,[34],21,0.05728861857945601,-0.3748832099644128,0
18,[1],21,,,0
18,[2],21,0.025176765165801494,-0.5692696711864407,0
18,[3],21,0.06891294989943036,-0.07233617508417509,0
1,[1],21,,,0
1,[2],21,0.07125963299270668,-0.41638033108108113,0
1,[3],21,0.07795813961690215,-0.40127459649122804,0
22,[1],21,0.048755003101098954,-0.37308122456140347,0
22,[2],21,0.048755003101098954,-0.37308122456140347,0
22,[3],21,0.06654821799331531,-0.26107379211469534,0
2,[1],21,,,0
2,[2],21,0.054087037940474945,-0.28250810273972604,0
2,[3],21,0.03909324578241171,-0.20614303754266214,0
3,[1],21,,,0
3,[2],21,0.02872938944450956,-0.3578306409395973,0
3,[3],21,0.07770958979966104,-0.34184631756756756,0
4,[1],21,,,0
4,[2],21,0.26085329852794314,-0.19654198534798537,0
4,[3],21,0.1295456897563951,-0.3249767016949153,0
5,[1],21,,,0
5,[2],21,0.11667655250089515,-0.2107794983277592,0
5,[3],21,0.05719327256189226,-0.6766611204819278,0
6,[1],21,,,0
6,[2],21,0.09987507145079098,0.20148467931034483,0
6,[345],21,0.05660717174209156,-0.16599245276872965,0
7,[1],21,,,0
7,[2],21,0.032119289827542724,-0.10942257746478873,0
7,[3],21,0.05373354015057053,-0.0863038284789644,0
8,[2],21,0.0472967320937445,0.3599830412371134,0
8,[34],21,0.04352997398600443,-0.37558583333333334,0
9,[2],21,0.12461903083520448,-0.2551711209964413,0
9,[3],21,0.03498095535337068,-0.5615265259259259,0
10,[2],22,0.1772043914429506,-0.3069662389078498,0
10,[3],22,0.0348280028871296,-0.1613174856115108,0
11,[1],22,,,0
11,[2],22,0.11896403456813402,-0.6975094028268551,0
11,[3],22,0.052061019063513875,-0.15547016494845362,0
12,[1],22,,,0
12,[2],22,0.02272266309108855,-0.551264651724138,0
12,[3],22,0.049866273460888864,-0.35092971232876713,0
13,[1],22,,,0
13,[2],22,0.09668428641915545,0.022192942307692313,0
13,[3],22,0.17949422842428583,-0.09241535227272726,0
14,[1],22,,,0
14,[24],22,0.015222343084379404,-0.5358240397350993,0
14,[3],22,0.04946282321331046,-0.6532452676056338,0
16,[1],22,,,0
16,[2],22,0.031245601455346585,-0.4462958176100629,0
16,[3],22,0.011816618104069672,-0.370496838028169,0
17,[1],22,,,0
17,[2],22,0.05456902653971326,-0.2902368698224852,0
17,[34],22,0.028965727029515415,-0.13575427402135232,0
18,[1],22,,,0
18,[2],22,0.0258216720807285,-0.397733,0
18,[3],22,0.04947786623424993,-0.4038328440677966,0
1,[1],22,,,0
1,[2],22,0.012775551935784833,-0.5556121971830986,0
1,[3],22,0.09668769064039098,-0.6952246305084745,0
22,[1],22,0.10074982877839757,-0.5714562114695341,0
22,[2],22,0.10074982877839757,-0.5714562114695341,0
22,[3],22,0.10568334597620085,-0.052191212014134285,0
2,[1],22,,,0
2,[2],22,0.04460097422066475,-0.2502836034482759,0
2,[3],22,0.007092279600563516,-0.1884371418918919,0
3,[1],22,,,0
3,[2],22,0.029732906163884597,-0.22930852577319588,0
3,[3],22,0.12292648201176788,-0.338023440397351,0
4,[1],22,,,0
4,[2],22,0.02068079609586944,-0.32304525,0
4,[3],22,0.12005591270932323,-0.5506316275167785,0
5,[1],22,,,0
5,[2],22,0.08183158299167939,-0.3746620708661417,0
5,[3],22,0.13790575222319273,-0.3595332635379061,0
6,[1],22,,,0
6,[2],22,0.08712084222449389,0.08213918666666667,0
6,[345],22,0.15373136647396052,-0.11665924315068492,0
7,[1],22,,,0
7,[2],22,0.09070009411900172,-0.2402440459363958,0
7,[3],22,0.06282623041196074,-0.10593540740740742,0
8,[2],22,0.08968962786291285,0.010373046594982074,0
8,[34],22,0.05571079010457376,-0.46604205862068965,0
9,[2],22,0.023805185237875354,-0.41373725,0
9,[3],22,0.04286447774796031,-0.6207158320610686,0
10,[2],23,0.13228135172274835,-0.26807239799331106,0
10,[3],23,0.038856199167810516,-0.2616685535714286,0
11,[1],23,,,0
11,[2],23,0.11048493897880547,-0.2910135255972696,0
11,[3],23,0.19399450868201928,-0.1889649894366197,0
12,[1],23,,,0
12,[2],23,0.037467488526255005,-0.3705252759856631,0
12,[3],23,0.07143776652897069,-0.46587871959459454,0
13,[1],23,,,0
13,[2],23,0.045857179152368165,-0.10906340255591054,0
13,[3],23,0.08800577048285102,-0.2075177456445993,0
14,[1],23,,,0
14,[24],23,0.08372550479001153,-0.5851900636042403,0
14,[3],23,0.039862841379866475,-0.4614372268041237,0
16,[1],23,,,0
16,[2],23,0.06789525482357271,-0.21296045253164556,0
16,[3],23,0.07845522491316051,-0.3142788697318008,0
17,[1],23,,,0
17,[2],23,0.07878485761903788,-0.23756804871060172,0
17,[34],23,0.007825695875754176,-0.3490982142857143,0
18,[1],23,,,0
18,[2],23,0.009243851521384589,-0.36129655743243244,0
18,[3],23,0.026661727677510225,-0.2746565168918919,0
1,[1],23,,,0
1,[2],23,0.06042381260672065,-0.36320446830985914,0
1,[3],23,0.0732969690875699,-0.43461235763888895,0
22,[1],23,0.07638736977722808,-0.27944611619718307,0
22,[2],23,0.07638736977722808,-0.27944611619718307,0
22,[3],23,0.12189547684730949,-0.09839822727272726,0
2,[1],23,,,0
2,[2],23,0.015703868383894443,-0.2666773436426117,0
2,[3],23,0.02603760551404974,-0.25070463541666665,0
3,[1],23,,,0
3,[2],23,0.03945573629626583,-0.25274436394557825,0
3,[3],23,0.06236349796548213,-0.3290850243902439,0
4,[1],23,,,0
4,[2],23,0.08125395161041381,-0.19205824013157896,0
4,[3],23,0.06067050641250205,-0.4917252203947368,0
5,[1],23,,,0
5,[2],23,0.10603792174730538,0.0002723246753246794,0
5,[3],23,0.0518692094071437,-0.147816197492163,0
6,[1],23,,,0
6,[2],23,0.16240031125546095,-0.03772814878892732,0
6,[345],23,0.07458621523243888,-0.15712396830985917,0
7,[1],23,,,0
7,[2],23,0.014540689501045085,-0.3505876341463415,0
7,[3],23,0.059270416083265665,-0.14160208680555555,0
8,[2],23,0.08453396696585082,0.2569494535714286,0
8,[34],23,0.061957379824036506,0.21279322033898304,0
9,[2],23,0.032990411198784625,-0.45759387591240874,0
9,[3],23,0.1376884698502441,-0.0950247642857143,0
10,[2],24,0.04332828194484346,-0.5740085104895104,0
10,[3],24,0.03526810201790479,-0.22211580866425992,0
11,[1],24,,,0
11,[2],24,0.1292373629737107,-0.2484009934640523,0
11,[3],24,0.039967242038212863,-0.21793694736842104,0
12,[1],24,,,0
12,[2],24,0.01981836330776291,-0.4106979201388889,0
12,[3],24,0.021336901038565694,-0.4190531213114754,0
13,[1],24,,,0
13,[2],24,0.02139597804830916,0.032128772435897436,0
13,[3],24,0.04799270875206192,-0.15059449110320286,0
14,[1],24,,,0
14,[24],24,0.026416220526809336,-0.3986775174825175,0
14,[3],24,0.05724495706602792,-0.6413405,0
16,[1],24,,,0
16,[2],24,0.1466750612468088,-0.4582200610932476,0
16,[3],24,0.028239666738344493,-0.17922965930599372,0
17,[1],24,,,0
17,[2],24,0.062253964196216566,-0.5934806625766871,0
17,[34],24,0.07829230933566456,-0.5460478374558304,0
18,[1],24,,,0
18,[2],24,0.04014490497222678,-0.42460203728813556,0
18,[3],24,0.11096688364870093,-0.25001132362459544,0
1,[1],24,,,0
1,[2],24,0.04845677684634437,-0.46255594642857145,0
1,[3],24,0.07587574873751902,-0.4403358819444445,0
22,[1],24,0.0332930811276298,-0.4922015496453901,0
22,[2],24,0.0332930811276298,-0.4922015496453901,0
22,[3],24,0.10631757278840054,-0.351138529209622,0
2,[1],24,,,0
2,[2],24,0.00503600907845525,-0.30551554849498325,0
2,[3],24,0.015061007383538438,-0.3438616464646465,0
3,[1],24,,,0
3,[2],24,0.08805776067068995,-0.6461705532646048,0
3,[3],24,0.03835659561813873,-0.2680267972027972,0
4,[1],24,,,0
4,[2],24,0.05138689687848758,-0.2515017309090909,0
4,[3],24,0.1052786277028602,-0.5246342490706319,0
5,[1],24,,,0
5,[2],24,0.162164641147837,0.014029712328767114,0
5,[3],24,0.15512359338788406,-0.08450324822695035,0
6,[1],24,,,0
6,[2],24,0.05048336314226119,-0.08517647284345048,0
6,[345],24,0.11760705353656223,-0.17019765579710144,0
7,[1],24,,,0
7,[2],24,0.0524176455393662,-0.13934541726618707,0
7,[3],24,0.053826999614694705,-0.1506351604095563,0
8,[2],24,0.04630401844835332,0.040779718861209964,0
8,[34],24,0.016835252510034846,0.035355215017064845,0
9,[2],24,0.02033455331440193,-0.46664600373134324,0
9,[3],24,0.04831925295921278,-0.3887335827067669,0
10,[2],25,0.04385914101763464,-0.3597397525773196,0
10,[3],25,0.12941302166716828,-0.39036771480144405,0
11,[1],25,,,0
11,[2],25,0.06904563791730088,-0.29729947039473686,0
11,[3],25,0.14867332843065312,-0.29284686219081274,0
12,[1],25,,,0
12,[2],25,0.03864958603001013,-0.379635902173913,0
12,[3],25,0.03775469315934456,-0.5438112154882155,0
13,[1],25,,,0
13,[2],25,0.11253011165944947,0.27647098738170345,0
13,[3],25,0.21667465239146397,-0.03313141901408451,0
14,[1],25,,,0
14,[24],25,0.029163826225556265,-0.2900796538461538,0
14,[3],25,0.061954301221463434,-0.6603795432525952,0
16,[1],25,,,0
16,[2],25,0.07725518739954487,-0.44623931034482756,0
16,[3],25,0.06604307505977738,-0.531369609929078,0
17,[1],25,,,0
17,[2],25,0.028070267836441724,-0.6558356564417179,0
17,[34],25,0.028665829581580725,-0.31225216304347825,0
18,[1],25,,,0
18,[2],25,0.0032524591006901802,-0.5023203865248227,0
18,[3],25,0.18323800527823847,-0.42255402236421724,0
1,[1],25,,,0
1,[2],25,0.032908388051858965,-0.1980094770318021,0
1,[3],25,0.04958052447412213,-0.6821074006734006,0
22,[1],25,0.02159297153778767,-0.41391113588850176,0
22,[2],25,0.02159297153778767,-0.41391113588850176,0
22,[3],25,0.028269786955689966,-0.3050179024390244,0
2,[1],25,,,0
2,[2],25,0.06711054540235178,-0.21176127891156463,0
2,[3],25,0.06225723148915159,-0.1963708585526316,0
3,[1],25,,,0
3,[2],25,0.007490686749463021,-0.14918348474576273,0
3,[3],25,0.03505694060959278,-0.08527972664359862,0
4,[1],25,,,0
4,[2],25,0.22580962798194132,-0.35521558302583034,0
4,[3],25,0.19553722482958052,-0.3924648426229508,0
5,[1],25,,,0
5,[2],25,0.1684389823858602,0.04040958403361345,0
5,[3],25,0.17238932444074218,-0.2537409108527132,0
6,[1],25,,,0
6,[2],25,0.016843292715331953,0.040998063122923596,0
6,[345],25,0.03207574529422694,-0.17115085416666667,0
7,[1],25,,,0
7,[2],25,0.06576929899713843,-0.2615595847750865,0
7,[3],25,0.10223563519174482,-0.43806944193548386,0
8,[2],25,0.05439807032138075,0.31324246263345196,0
8,[34],25,0.13184584274572603,-0.001928371527777781,0
9,[2],25,0.029022193068640928,-0.4623197328519856,0
9,[3],25,0.09899919531412305,-0.36098844402985075,0
10,[2],26,0.09930159818087933,-0.45523889180327864,0
10,[3],26,0.016946864402689183,-0.33469260074626866,0
11,[1],26,,,0
11,[2],26,0.16120856531312877,-0.3737810102389078,0
11,[3],26,0.2186531508252381,-0.27256938327526137,0
12,[1],26,,,0
12,[2],26,0.009856313556821046,-0.22661144947735193,0
12,[3],26,0.04516094622941311,-0.34377572258064515,0
13,[1],26,,,0
13,[2],26,0.08534627340596322,0.10605980126182965,0
13,[3],26,0.09724932004387302,-0.17295535540069687,0
14,[1],26,,,0
14,[24],26,0.03523081141499948,-0.1436546996466431,0
14,[3],26,0.021892222990391064,-0.6615856040955631,0
16,[1],26,,,0
16,[2],26,0.044333862492898744,-0.6905174075235109,0
16,[3],26,0.05631526565633534,-0.5481199834983498,0
17,[1],26,,,0
17,[2],26,0.027578853095938587,-0.3214464231974922,0
17,[34],26,0.06794983034874079,-0.4793899230769231,0
18,[1],26,,,0
18,[2],26,0.11462802145243287,-0.15848341780821917,0
18,[3],26,0.09093413690564851,-0.3161122828282828,0
1,[1],26,,,0
1,[2],26,0.13051902432252666,-0.03145723776223777,0
1,[3],26,0.015101754043635004,-0.30069089752650174,0
22,[1],26,0.03405993604431944,-0.40756954770318027,0
22,[2],26,0.03405993604431944,-0.40756954770318027,0
22,[3],26,0.030491176587032053,-0.13922420557491288,0
2,[1],26,,,0
2,[2],26,0.01979791323125559,-0.2690280618556701,0
2,[3],26,0.06307487388924661,-0.25851548070175434,0
3,[1],26,,,0
3,[2],26,0.02621399885268102,-0.2796486996587031,0
3,[3],26,0.049709414517978445,0.18900978156996587,0
4,[1],26,,,0
4,[2],26,0.06281554923974181,-0.4084898786764706,0
4,[3],26,0.10990815495248193,-0.45551040303030305,0
5,[1],26,,,0
5,[2],26,0.02373806646219644,-0.11355625702811246,0
5,[3],26,0.055616387916087535,-0.061749799999999994,0
6,[1],26,,,0
6,[2],26,0.06910773214306513,0.1667975684931507,0
6,[345],26,0.044308163913153745,-0.38150150617283957,0
7,[1],26,,,0
7,[2],26,0.0171448128319578,-0.22912108127208483,0
7,[3],26,0.0372107600034342,-0.25764000664451825,0
8,[2],26,0.08310414278093446,0.10866017894736842,0
8,[34],26,0.1238110671317933,0.39786610839160835,0
9,[2],26,0.03965424366408729,-0.5515029097744361,0
9,[3],26,0.017994277295584515,-0.28036256862745096,0
10,[2],27,0.04296818059859595,-0.2534574802631579,0
10,[3],27,0.05193214466866343,-0.1657197052238806,0
11,[1],27,,,0
11,[2],27,0.13516060603818153,0.0024060303030302983,0
11,[3],27,0.07100764496031428,-0.18140053684210525,0
12,[1],27,,,0
12,[2],27,0.012824464351250316,-0.4256273902439024,0
12,[3],27,0.06977732468698124,-0.4392130034482759,0
13,[1],27,,,0
13,[2],27,0.05547797275486355,0.24927338585209002,0
13,[3],27,0.097111397055135,-0.32804963940520443,0
14,[1],27,,,0
14,[24],27,0.020219156201291687,-0.336827475,0
14,[3],27,0.010291768754214673,-0.5401706180555556,0
16,[1],27,,,0
16,[2],27,0.11839516870492509,-0.4311130099667774,0
16,[3],27,0.05416492231684539,-0.4196419836065574,0
17,[1],27,,,0
17,[2],27,0.01943251346580618,-0.4662433665480427,0
17,[34],27,0.01214514711246505,-0.32158672000000005,0
18,[1],27,,,0
18,[2],27,0.09183386319373692,-0.14979724832214766,0
18,[3],27,0.07370652078453442,-0.5132815451505016,0
1,[1],27,,,0
1,[2],27,0.008867748551048165,-0.49576543157894726,0
1,[3],27,0.02285701504570561,-0.24134974914089347,0
22,[1],27,0.12751706776226968,-0.4103850210526316,0
22,[2],27,0.12751706776226968,-0.4103850210526316,0
22,[3],27,0.11543553674608029,-0.25049503146853147,0
2,[1],27,,,0
2,[2],27,0.04705650419061937,-0.2266229273356401,0
2,[3],27,0.007450928938862933,-0.32794895254237294,0
3,[1],27,,,0
3,[2],27,0.06623973167839649,-0.3777272619047619,0
3,[3],27,0.0855098215388687,0.07106671672354949,0
4,[1],27,,,0
4,[2],27,0.10691859432803531,0.04131862081784386,0
4,[3],27,0.05638616775693358,-0.42925655629139076,0
5,[1],27,,,0
5,[2],27,0.06953314624353613,0.06374517083333334,0
5,[3],27,0.14157971252698942,-0.4291453148148148,0
6,[1],27,,,0
6,[2],27,0.12284241706486182,-0.1723536462585034,0
6,[345],27,0.054238034055883906,-0.3219621794117647,0
7,[1],27,,,0
7,[2],27,0.06346440637841425,-0.3027349722222222,0
7,[3],27,0.03472617380137544,-0.12059081518151815,0
8,[2],27,0.14254312735254732,0.09397381881533101,0
8,[34],27,0.015811412321227382,0.2287248954703833,0
9,[2],27,0.013942836235583879,-0.5069405927272727,0
9,[3],27,0.14960235372748537,-0.5363972625482626,0
10,[2],28,0.08856686340089924,-0.3935834086378737,0
10,[3],28,0.02427873483974466,-0.22572047794117647,0
11,[1],28,,,0
11,[2],28,0.05333950664086724,-0.2603246258278145,0
11,[3],28,0.08075065951146865,-0.27279472027972035,0
12,[1],28,,,0
12,[2],28,0.08366437508964064,-0.330915480565371,0
12,[3],28,0.005607844262827098,-0.569534438538206,0
13,[1],28,,,0
13,[2],28,0.05885906063220952,0.26603704620462043,0
13,[3],28,0.020248281225123503,-0.19532055830388695,0
14,[1],28,,,0
14,[24],28,0.02035638461812642,-0.31573894482758624,0
14,[3],28,0.01422226065690885,-0.32674350177935946,0
16,[1],28,,,0
16,[2],28,0.09422440915136876,-0.4908039583333333,0
16,[3],28,0.06060560716088913,-0.38252194498381875,0
17,[1],28,,,0
17,[2],28,0.08241753282839515,-0.3381582428571428,0
17,[34],28,0.02668584852355566,-0.18463349816849817,0
18,[1],28,,,0
18,[2],28,0.29996654003327755,-0.44491826666666673,0
18,[3],28,0.036157846630105385,-0.1410817162162162,0
1,[1],28,,,0
1,[2],28,0.09032877586498551,-0.4418330101351352,0
1,[3],28,0.07275808089473335,-0.37978501355932204,0
22,[1],28,0.02244995133619975,-0.6184133148788927,0
22,[2],28,0.02244995133619975,-0.6184133148788927,0
22,[3],28,0.03180503477321919,-0.1450587811320755,0
2,[1],28,,,0
2,[2],28,0.049420986411384434,-0.28093112413793103,0
2,[3],28,0.04675468537167994,-0.326428678807947,0
3,[1],28,,,0
3,[2],28,0.053601658048907,-0.24313835593220337,0
3,[3],28,0.008685141371598018,-0.14698121160409555,0
4,[1],28,,,0
4,[2],28,0.11693457863975548,-0.23646747692307693,0
4,[3],28,0.17884214313429844,-0.1475399624573379,0
5,[1],28,,,0
5,[2],28,0.10741061923687244,-0.09373766949152544,0
5,[3],28,0.1447156520728649,-0.1343625842105263,0
6,[1],28,,,0
6,[2],28,0.051702448171357926,-0.15513827960526316,0
6,[345],28,0.1253696550639042,-0.46767282674772037,0
7,[1],28,,,0
7,[2],28,0.0646228941843391,-0.2797582627986348,0
7,[3],28,0.030124455928783267,-0.11215603559870549,0
8,[2],28,0.04965846597221556,0.3518719756097561,0
8,[34],28,0.1747571487585636,-0.06661261591695503,0
9,[2],28,0.11717601093423913,-0.47585017508417504,0
9,[3],28,0.04506726138169734,-0.4243883046875,0
10,[2],29,0.03418993264621923,-0.34675355477031805,0
10,[3],29,0.07242226291932267,-0.3033828074074074,0
11,[1],29,,,0
11,[2],29,0.10088889949063523,0.08005361672473867,0
11,[3],29,0.07341169552489948,-0.7876954683098591,0
12,[1],29,,,0
12,[2],29,0.05613050959057217,-0.5130166474820144,0
12,[3],29,0.04123533203583866,-0.5556504478114479,0
13,[1],29,,,0
13,[2],29,0.08926336281871669,0.33258402097902096,0
13,[3],29,0.04976181420124273,-0.16718176842105265,0
14,[1],29,,,0
14,[24],29,0.004615628836994994,-0.1376204882943144,0
14,[3],29,0.04666479784234774,-0.30939113120567374,0
16,[1],29,,,0
16,[2],29,0.27058930376596124,-0.6549277669902913,0
16,[3],29,0.06448710738705873,-0.2779943922261484,0
17,[1],29,,,0
17,[2],29,0.04621210117414055,-0.31264339208633096,0
17,[34],29,0.04447558554038636,-0.5243975149253731,0
18,[1],29,,,0
18,[2],29,0.19198620337540032,-0.09151024028268552,0
18,[3],29,0.05338287649599432,-0.2936972739726027,0
1,[1],29,,,0
1,[2],29,0.042777454994077,-0.6288414326241134,0
1,[3],29,0.041763098951457606,-0.3131658028673835,0
22,[1],29,0.10254234113625968,-0.5096674468864468,0
22,[2],29,0.10254234113625968,-0.5096674468864468,0
22,[3],29,0.04081790952218872,-0.35669670608108106,0
2,[1],29,,,0
2,[2],29,0.04399075025909524,-0.16786737671232876,0
2,[3],29,0.02872715983317388,-0.25091122789115644,0
3,[1],29,,,0
3,[2],29,0.02285481945532591,-0.3238681114864865,0
3,[3],29,0.07178350739827642,0.050970986013985996,0
4,[1],29,,,0
4,[2],29,0.161146055394121,-0.4627957642585551,0
4,[3],29,0.02024682426078753,-0.560692242214533,0
5,[1],29,,,0
5,[2],29,0.12099283234482373,0.12951201265822784,0
5,[3],29,0.028685991070408652,-0.03536223137254902,0
6,[1],29,,,0
6,[2],29,0.232981492340355,-0.0005161666666666633,0
6,[345],29,0.06125102544875103,-0.4270810526315789,0
7,[1],29,,,0
7,[2],29,0.0364885147457977,-0.24714870629370628,0
7,[3],29,0.03602249078018021,-0.30518512251655633,0
8,[2],29,0.11349503991237521,0.09024147931034483,0
8,[34],29,0.051140980767887485,0.25924912456747407,0
9,[2],29,0.06468155221706837,-0.5046812647058824,0
9,[3],29,0.033142600952873115,-0.6056699407114624,0
10,[2],30,0.12659841638030037,-0.4869030845070422,0
10,[3],30,0.051672366838360656,-0.408547231884058,0
11,[1],30,,,0
11,[2],30,0.022905759029483615,-0.1912490580204778,0
11,[3],30,0.031826540774088925,-0.3031326077738516,0
12,[1],30,,,0
12,[2],30,0.19056673434622382,-0.4289956173285198,0
12,[3],30,0.08041454159567751,-0.408985676056338,0
13,[1],30,,,0
13,[2],30,0.025301997440300643,-0.0022366806451612903,0
13,[3],30,0.018736814359107005,-0.07707360294117648,0
14,[1],30,,,0
14,[24],30,0.021299679167470765,-0.2822819523809524,0
14,[3],30,0.053564419544300884,-0.3354129298245614,0
16,[1],30,,,0
16,[2],30,0.08814522366293961,-0.36717378125000005,0
16,[3],30,0.023740819187278505,-0.31640863541666664,0
17,[1],30,,,0
17,[2],30,0.06184069457573223,-0.20039324014336915,0
17,[34],30,0.05017198100572042,-0.24538426199261992,0
18,[1],30,,,0
18,[2],30,0.0636457601352622,-0.3354279488054607,0
18,[3],30,0.02578970828909307,-0.2806890456140351,0
1,[1],30,,,0
1,[2],30,0.00888175305972443,-0.3416870105263158,0
1,[3],30,0.02464475522874044,-0.3495850138888889,0
22,[1],30,0.048068080179757035,-0.12443961188811188,0
22,[2],30,0.048068080179757035,-0.12443961188811188,0
22,[3],30,0.033547717362833615,-0.20710889726027396,0
2,[1],30,,,0
2,[2],30,0.058059475243392625,-0.31625077702702703,0
2,[3],30,0.004358978594075516,-0.23055081506849318,0
3,[1],30,,,0
3,[2],30,0.0313782383069084,-0.49375053872053876,0
3,[3],30,0.03910622718576386,-0.2458293703703704,0
4,[1],30,,,0
4,[2],30,0.21179347531925136,-0.2852489724409449,0
4,[3],30,0.10857758499905339,-0.2505814020618557,0
5,[1],30,,,0
5,[2],30,0.055023694602799496,-0.3768235761316873,0
5,[3],30,0.2771520309802831,-0.5090995442477877,0
6,[1],30,,,0
6,[2],30,0.05230506386254306,-0.14978260472972973,0
6,[345],30,0.02074516885867548,0.06142924092409241,0
7,[1],30,,,0
7,[2],30,0.02678509325089931,-0.22220438327526132,0
7,[3],30,0.03921667139433274,-0.1701568283828383,0
8,[2],30,0.04402100952942718,0.11974634256055364,0
8,[34],30,0.11192012341356622,-0.016130000000000005,0
9,[2],30,0.024851339088831765,-0.5496284249084249,0
9,[3],30,0.03099988592250869,-0.43531328685258963,0
10,[2],31,0.035489846278029716,-0.5065014355400697,0
10,[3],31,0.06967574425253682,-0.14189732280701753,0
11,[1],31,,,0
11,[2],31,0.032644031611911414,-0.04991523255813954,0
11,[3],31,0.03495131111169927,-0.6777024661921708,0
12,[1],31,,,0
12,[2],31,0.12313183997394811,-0.7373240433212996,0
12,[3],31,0.009360702471192466,-0.5689724493243243,0
13,[1],31,,,0
13,[2],31,0.06645075956234303,-0.015194326460481107,0
13,[3],31,0.08578120071258442,-0.08452657471264367,0
14,[1],31,,,0
14,[24],31,0.013880283925866004,-0.5436386388888889,0
14,[3],31,0.06537999077610032,-0.056407422382671484,0
16,[1],31,,,0
16,[2],31,0.06212844315829042,-0.25803272023809526,0
16,[3],31,0.07397143204845288,-0.2926061793103449,0
17,[1],31,,,0
17,[2],31,0.07962371578596159,-0.32064090579710147,0
17,[34],31,0.11246296254555774,-0.43176108856088563,0
18,[1],31,,,0
18,[2],31,0.05613667476344513,-0.28171223024054987,0
18,[3],31,0.013361676742364962,-0.41617778260869565,0
1,[1],31,,,0
1,[2],31,0.062231026563154844,-0.08356820070422537,0
1,[3],31,0.07506521208080397,-0.3506108466898955,0
22,[1],31,0.13745660589618264,-0.3194856330935252,0
22,[2],31,0.13745660589618264,-0.3194856330935252,0
22,[3],31,0.032542703658552025,-0.2526202806451613,0
2,[1],31,,,0
2,[2],31,0.054692696107442054,-0.4060982423208191,0
2,[3],31,0.020845314957610078,-0.1506120771812081,0
3,[1],31,,,0
3,[2],31,0.09148369395190485,-0.3341981638225256,0
3,[3],31,0.10172863210013948,-0.29778805862068963,0
4,[1],31,,,0
4,[2],31,0.015809906447006902,-0.6283182357723577,0
4,[3],31,0.23587537275414824,-0.37171674657534254,0
5,[1],31,,,0
5,[2],31,0.11995001322642686,0.09084324696356276,0
5,[3],31,0.07573096089381381,0.05642154609929078,0
6,[1],31,,,0
6,[2],31,0.15869039193163856,0.20739416433566432,0
6,[345],31,0.14355851437214007,-0.5428355484949834,0
7,[1],31,,,0
7,[2],31,0.04438798795769393,-0.25527261774744026,0
7,[3],31,0.0906582761701527,-0.26938100958466454,0
8,[2],31,0.14489744215759826,0.06139163604240282,0
8,[34],31,0.05292286949161275,0.26652431715210356,0
9,[2],31,0.036920579184554075,-0.43259554838709674,0
9,[3],31,0.006516661992408398,-0.50400148828125,0
10,[2],32,0.044567894085249804,-0.3956192852459016,0
10,[3],32,0.027388220153654393,-0.3107910035587188,0
11,[1],32,,,0
11,[2],32,0.0780592212624468,-0.13835623728813562,0
11,[3],32,0.04924467527121299,-0.598013871886121,0
12,[1],32,,,0
12,[2],32,0.040093940495561683,-0.38531997931034484,0
12,[3],32,0.022869389905313505,-0.5170447465753425,0
13,[1],32,,,0
13,[2],32,0.04507347954809424,0.09792863606557377,0
13,[3],32,0.03705494439505933,-0.05598316129032258,0
14,[1],32,,,0
14,[24],32,0.030154055686187765,-0.5431420245614035,0
14,[3],32,0.04119050792033724,-0.3530743157894737,0
16,[1],32,,,0
16,[2],32,0.018273405567727018,-0.45677631067961166,0
16,[3],32,0.06346640338354805,-0.2745990347222222,0
17,[1],32,,,0
17,[2],32,0.03943767343176448,-0.41542729670329664,0
17,[34],32,0.06440263836314565,-0.3529520752688173,0
18,[1],32,,,0
18,[2],32,0.036790120517483496,-0.2230255590277778,0
18,[3],32,0.03979870935368225,-0.35684207718120803,0
1,[1],32,,,0
1,[2],32,0.016652197504062712,-0.6460220744680851,0
1,[3],32,0.06741105530210398,-0.5628644966666667,0
22,[1],32,0.028420832041455905,-0.2128419495412844,0
22,[2],32,0.028420832041455905,-0.2128419495412844,0
22,[3],32,0.007550843014798213,-0.11050702380952379,0
2,[1],32,,,0
2,[2],32,0.0818788348105115,-0.2711447852348993,0
2,[3],32,0.009362592189773459,-0.3688786689189189,0
3,[1],32,,,0
3,[2],32,0.026435251250390417,-0.4403000582191781,0
3,[3],32,0.02730629415787444,-0.10845542567567568,0
4,[1],32,,,0
4,[2],32,0.03762430395833246,0.10458860439560438,0
4,[3],32,0.04760557853793841,-0.5971458133333333,0
5,[1],32,,,0
5,[2],32,0.06624546404720368,-0.07090717721518987,0
5,[3],32,0.09675339665232895,0.5639600553191491,0
6,[1],32,,,0
6,[2],32,0.17730760513298144,-0.008487666666666668,0
6,[345],32,0.18721313744599996,0.08687556451612904,0
7,[1],32,,,0
7,[2],32,0.03627805533137637,-0.1495673944636678,0
7,[3],32,0.029237047816822643,-0.18016648064516128,0
8,[2],32,0.10956037667758663,0.004441471014492756,0
8,[34],32,0.1035323049936836,0.2949088255033557,0
9,[2],32,0.11841887382199583,-0.4468708566308244,0
9,[3],32,0.011677759816279139,-0.41886544841269846,0
10,[2],33,0.06169807317843471,-0.652029824742268,0
10,[3],33,0.06221814852340427,-0.20792598245614036,0
11,[1],33,,,0
11,[2],33,0.1333327482375503,-0.2590133393501805,0
11,[3],33,0.017176605457373102,-0.06790259430604983,0
12,[1],33,,,0
12,[2],33,0.0735164800526046,-0.1992517716262976,0
12,[3],33,0.026678957523287833,-0.4364253063380281,0
13,[1],33,,,0
13,[2],33,0.04054292839286355,-0.07000108540925266,0
13,[3],33,0.05725592981785003,-0.261720927756654,0
14,[1],33,,,0
14,[24],33,0.03074162002482864,-0.5660180915254237,0
14,[3],33,0.06466582545628033,-0.14303129929577466,0
16,[1],33,,,0
16,[2],33,0.18663166707463286,-0.3194682182410423,0
16,[3],33,0.13639213048828797,-0.5600665993377483,0
17,[1],33,,,0
17,[2],33,0.04404227937840936,-0.24404197080291973,0
17,[34],33,0.021013486859625705,-0.16001048161764708,0
18,[1],33,,,0
18,[2],33,0.06520903371422168,-0.047789349152542376,0
18,[3],33,0.10226130960368207,-0.35373075170068025,0
1,[1],33,,,0
1,[2],33,0.01682927453521753,-0.4669213687943263,0
1,[3],33,0.040288287465528747,-0.29842125874125874,0
22,[1],33,,,0
22,[2],33,,,0
22,[3],33,0.035931994622441704,-0.2518383297491039,0
2,[1],33,,,0
2,[2],33,0.047466943731441696,-0.35174274482758616,0
2,[3],33,0.02668042956773349,-0.32441344027303753,0
3,[1],33,,,0
3,[2],33,0.09879169391928888,-0.27860983050847454,0
3,[3],33,0.02468968258749945,-0.26582774247491636,0
4,[1],33,,,0
4,[2],33,0.19081399421522002,-0.2943142037735849,0
4,[3],33,0.19478362630024662,-0.5358196678445228,0
5,[1],33,,,0
5,[2],33,0.21473387629030613,0.05401906938775509,0
5,[3],33,0.2601054898372445,-0.23222127685950414,0
6,[1],33,,,0
6,[2],33,0.02967113759430902,-0.09562573754152824,0
6,[345],33,0.10259516306013779,-0.20963802482269506,0
7,[1],33,,,0
7,[2],33,0.06783645614945308,-0.193307761589404,0
7,[3],33,0.07363262053172094,-0.15481096815286624,0
8,[2],33,0.059808196780196124,-0.07833058633093523,0
8,[34],33,0.11149220556262969,0.4698256925675675,0
9,[2],33,0.01770696053934088,-0.40866152307692305,0
9,[3],33,0.041227490513529676,-0.3815644732824428,0
10,[2],34,0.040098098007161645,-0.18169225342465753,0
10,[3],34,0.045636594821094306,-0.037010888086642595,0
11,[1],34,,,0
11,[2],34,0.10119489679253757,-0.09945767931034483,0
11,[3],34,0.04526703707940583,-0.2563836944444444,0
12,[1],34,,,0
12,[2],34,0.020765504924177752,-0.4172777394366197,0
12,[3],34,0.05000298678019667,-0.2900314350877193,0
13,[1],34,,,0
13,[2],34,0.150363078069457,0.14912042033898304,0
13,[3],34,0.08829523532636709,-0.39873162500000003,0
14,[1],34,,,0
14,[24],34,0.03279681432421653,0.03575601034482758,0
14,[3],34,0.07040522801860973,-0.49057730526315785,0
16,[1],34,,,0
16,[2],34,0.2359186878927976,-0.4793337540453075,0
16,[3],34,0.02333752054954161,-0.4401148157894737,0
17,[1],34,,,0
17,[2],34,0.015755493731689628,-0.07697661594202898,0
17,[34],34,0.013114646616154102,-0.2719471648351648,0
18,[1],34,,,0
18,[2],34,0.0487974141255876,-0.2469002881355932,0
18,[3],34,0.1116606957985611,-0.16166063265306124,0
1,[1],34,,,0
1,[2],34,0.034083670153881127,-0.1813076794425087,0
1,[3],34,0.017938033171123958,-0.3359522648083624,0
22,[1],34,,,0
22,[2],34,,,0
22,[3],34,0.05948426558245346,-0.10060717266187051,0
2,[1],34,,,0
2,[2],34,0.048244064421632676,-0.3991061672597865,0
2,[3],34,0.080144628476287,-0.35562145918367344,0
3,[1],34,,,0
3,[2],34,0.03536797164372251,-0.20593921885521888,0
3,[3],34,0.027370479844642755,-0.10109038513513514,0
4,[1],34,,,0
4,[2],34,0.12953895337121812,-0.38474546067415727,0
4,[3],34,0.24357634757773888,-0.13406930976430975,0
5,[1],34,,,0
5,[2],34,0.40341924448296135,0.1657562754716981,0
5,[3],34,0.18784000121602382,0.06743576603773585,0
6,[1],34,,,0
6,[2],34,0.04424146263664674,-0.13839822818791947,0
6,[345],34,0.1643623732597803,-0.34226197342192693,0
7,[1],34,,,0
7,[2],34,0.14061403406837222,-0.1339651088435374,0
7,[3],34,0.02912552116326376,-0.3137594585987261,0
8,[2],34,0.052155179714865156,-0.25115604421768706,0
8,[34],34,0.0946336289956865,0.3753749288135593,0
9,[2],34,0.048223947232686255,-0.14960024100719424,0
9,[3],34,0.09684273043301338,-0.2903115488721804,0
10,[2],35,0.04012976260889147,-0.42676619397993315,0
10,[3],35,0.06866304973311012,-0.2761483795620438,0
11,[1],35,,,0
11,[2],35,0.14032821089879646,-0.14897788888888888,0
11,[3],35,0.0766545469861505,-0.4078717543859649,0
12,[1],35,,,0
12,[2],35,0.035837379350873,-0.5265984204946995,0
12,[3],35,0.05704178157376441,-0.4676725618729097,0
13,[1],35,,,0
13,[2],35,0.03148308942543673,0.1184936131386861,0
13,[3],35,0.03199045945232361,-0.2610632310344828,0
14,[1],35,,,0
14,[24],35,0.058846054770608815,-0.3049789597315436,0
14,[3],35,0.008647790404600253,-0.2374304930555556,0
16,[1],35,,,0
16,[2],35,0.04778018705515791,-0.49751333656957936,0
16,[3],35,0.07834712377589453,-0.33728318581081085,0
17,[1],35,,,0
17,[2],35,0.059950471102239895,-0.6082943713235295,0
17,[34],35,0.024243338841909417,-0.47732885507246375,0
18,[1],35,,,0
18,[2],35,0.05732229693404266,-0.4127180582191781,0
18,[3],35,0.08531558846521843,-0.42247327972027976,0
1,[1],35,,,0
1,[2],35,0.10041035196413285,-0.2722714680851064,0
1,[3],35,0.026339950537016984,-0.3283491903114187,0
22,[1],35,,,0
22,[2],35,,,0
22,[3],35,0.10896763631134111,-0.17606292592592593,0
2,[1],35,,,0
2,[2],35,0.06585570727537111,-0.27971641496598637,0
2,[3],35,0.01357628344683319,-0.29422766782006915,0
3,[1],35,,,0
3,[2],35,0.017942912422344085,-0.23391228275862067,0
3,[3],35,0.10071152463812376,-0.27171861355932203,0
4,[1],35,,,0
4,[2],35,0.21599095983946362,-0.5615848167330677,0
4,[3],35,0.22681105049644149,-0.5126913754266211,0
5,[1],35,,,0
5,[2],35,0.21360790666637464,0.036339101321585895,0
5,[3],35,0.2263714825648219,-0.006699577405857736,0
6,[1],35,,,0
6,[2],35,0.16022131187448005,-0.3352834967320261,0
6,[345],35,0.07193676991216316,-0.02445751132686083,0
7,[1],35,,,0
7,[2],35,0.08933163428816439,-0.06282063405797102,0
7,[3],35,0.00878618886651651,-0.19548527361563517,0
8,[2],35,0.009483367272268558,0.2901398877551021,0
8,[34],35,0.05399197266636804,0.007684407534246574,0
9,[2],35,0.060472223786733004,-0.31851905109489054,0
9,[3],35,0.016119447427708718,-0.4427034542253522,0
10,[2],36,0.07967401994858758,-0.29447606462585035,0
10,[3],36,0.04280626125168554,-0.013715638686131387,0
11,[1],36,,,0
11,[2],36,0.16619471210045514,-0.4290959551724138,0
11,[3],36,0.23126055313669142,-0.43713476573426574,0
12,[1],36,,,0
12,[2],36,0.047237970071232344,-0.39100055985915494,0
12,[3],36,0.05318791174587499,-0.5739894999999999,0
13,[1],36,,,0
13,[2],36,0.07779026516021079,0.2944096489361703,0
13,[3],36,0.12334440426490359,-0.30291165743944637,0
14,[1],36,,,0
14,[24],36,0.03046917319297182,-0.8256682195121952,0
14,[3],36,0.06378788433446944,-0.34216233447098976,0
16,[1],36,,,0
16,[2],36,0.036910768231479874,-0.38185691346153844,0
16,[3],36,0.03473094560549675,-0.4993297878787879,0
17,[1],36,,,0
17,[2],36,0.037389597862381684,-0.6945490888888889,0
17,[34],36,0.05699641520048962,-0.4236553465703971,0
18,[1],36,,,0
18,[2],36,0.028285320591233475,-0.37486088175675675,0
18,[3],36,0.17581146404153647,-0.2803331528239203,0
1,[1],36,,,0
1,[2],36,0.08058536707234294,-0.146990449122807,0
1,[3],36,0.037084183962122326,-0.663686471830986,0
22,[1],36,,,0
22,[2],36,,,0
22,[3],36,0.039545175840745274,-0.06822984121621621,0
2,[1],36,,,0
2,[2],36,0.03062118979830301,-0.31349930639730644,0
2,[3],36,0.036685700247425956,-0.44305126041666665,0
3,[1],36,,,0
3,[2],36,0.07082633236724166,-0.3574307891156463,0
3,[3],36,0.03410012969123314,-0.2195090847457627,0
4,[1],36,,,0
4,[2],36,0.052115019180050084,-0.43994881468531466,0
4,[3],36,0.16240672026269382,-0.5675063806228373,0
5,[1],36,,,0
5,[2],36,0.2336363778120272,-0.1693577296137339,0
5,[3],36,0.0427114774650789,0.16578456540084388,0
6,[1],36,,,0
6,[2],36,0.21706347266942042,-0.49500925255972694,0
6,[345],36,0.10565609875956673,-0.08148565573770492,0
7,[1],36,,,0
7,[2],36,0.0499762944306914,-0.16705915333333332,0
7,[3],36,0.03907579149137912,-0.27193145276872965,0
8,[2],36,0.1159513197871013,0.1688780474576271,0
8,[34],36,0.054161738890921185,-0.2900867551020408,0
9,[2],36,0.05180285202601907,-0.45623369117647056,0
9,[3],36,0.10751342637272376,-0.3789760739299611,0
10,[2],37,0.084165999606522,-0.5325006360424028,0
10,[3],37,0.018214515881409092,-0.21827862132352943,0
11,[1],37,,,0
11,[2],37,0.05489248845528281,-0.2048068715277778,0
11,[3],37,0.14316283472394475,-0.4469278426573427,0
12,[1],37,,,0
12,[2],37,0.03682555077158496,-0.5221462315789474,0
12,[3],37,0.04835658734367888,-0.4530684864864865,0
13,[1],37,,,0
13,[2],37,0.02228118235233377,-0.05541683823529412,0
13,[3],37,0.04249429432249875,-0.2312368286713287,0
14,[1],37,,,0
14,[24],37,0.025928782858279934,-0.45346477586206907,0
14,[3],37,0.02331555499959458,-0.43765458620689657,0
16,[1],37,,,0
16,[2],37,0.140846050089875,-0.4558776058631922,0
16,[3],37,0.08510968275832696,-0.26035737275985665,0
17,[1],37,,,0
17,[2],37,0.008875026235783902,-0.5208836566037736,0
17,[34],37,0.014957994093550107,-0.4062128394160584,0
18,[1],37,,,0
18,[2],37,0.06718451736426127,-0.3397847774086379,0
18,[3],37,0.026352308687429413,-0.3959245807560137,0
1,[1],37,,,0
1,[2],37,0.025174099865246997,-0.09122133450704224,0
1,[3],37,0.09586697867879758,-0.26749365646258505,0
22,[1],37,,,0
22,[2],37,,,0
22,[3],37,0.044833151010667,-0.1527222627986348,0
2,[1],37,,,0
2,[2],37,0.045377285411804996,-0.37185219243986256,0
2,[3],37,0.012262065981470074,-0.28914725170068023,0
3,[1],37,,,0
3,[2],37,0.0827941378450895,-0.3105506767676768,0
3,[3],37,0.022120127438549943,-0.11183208783783782,0
4,[1],37,,,0
4,[2],37,0.018175129952306367,-0.010266808429118772,0
4,[3],37,0.0587660160081677,-0.7398703333333333,0
5,[1],37,,,0
5,[2],37,0.03973332747498204,-0.15957991726618703,0
5,[3],37,0.19949235418248995,-0.37933364225352106,0
6,[1],37,,,0
6,[2],37,0.09251403461537464,-0.18038256957928805,0
6,[345],37,0.020894294070409228,-0.28510294217687077,0
7,[1],37,,,0
7,[2],37,0.0858007248123917,-0.27975747945205476,0
7,[3],37,0.08344232806094362,-0.2621593376623377,0
8,[2],37,0.1433906241718104,0.025847607142857144,0
8,[34],37,0.006019205759567924,-0.06435899657534246,0
9,[2],37,0.020410495200595194,-0.508692295202952,0
9,[3],37,0.08450061441071707,-0.5841094280701754,0
10,[2],38,0.06014175211520788,-0.2842976870748299,0
10,[3],38,0.05952566838676502,-0.0482803956043956,0
11,[1],38,,,0
11,[2],38,0.06779696993710908,-0.28104442906574395,0
11,[3],38,0.1398753672208603,-0.25841323076923073,0
12,[1],38,,,0
12,[2],38,0.013335323714912452,-0.2040364740484429,0
12,[3],38,0.06747158793929177,-0.49100864406779665,0
13,[1],38,,,0
13,[2],38,0.17639723658528303,0.11185207348242814,0
13,[3],38,0.12486539023458447,-0.15878015555555558,0
14,[1],38,,,0
14,[24],38,0.019350851622310747,-0.4788089163763066,0
14,[3],38,0.01017745882390253,-0.29582400701754386,0
16,[1],38,,,0
16,[2],38,0.04122673590075649,-0.1803363481012658,0
16,[3],38,0.026101606665748678,-0.34400858983050847,0
17,[1],38,,,0
17,[2],38,0.009424899497606252,-0.4520434339622642,0
17,[34],38,0.040754022340689255,-0.419332750929368,0
18,[1],38,,,0
18,[2],38,0.06067343739941027,0.009058096219931271,0
18,[3],38,0.09579156679170109,-0.4334057157534246,0
1,[1],38,,,0
1,[2],38,0.031498310651282876,-0.44932572164948453,0
1,[3],38,0.04182148807898197,-0.22139850530035338,0
22,[1],38,,,0
22,[2],38,,,0
22,[3],38,0.05803359513090327,-0.10305526041666667,0
2,[1],38,,,0
2,[2],38,0.06118601082952851,-0.24077679391891887,0
2,[3],38,0.056390294181241404,-0.26135722727272725,0
3,[1],38,,,0
3,[2],38,0.024078080415348778,-0.16065336896551724,0
3,[3],38,0.08161114905225997,0.06025565878378378,0
4,[1],38,,,0
4,[2],38,0.07058837411364849,-0.21591454000000002,0
4,[3],38,0.19709521841027355,-0.4103513954372624,0
5,[1],38,,,0
5,[2],38,0.15604328496349365,-0.06261785714285713,0
5,[3],38,0.2015144898225919,-0.21386607380073802,0
6,[1],38,,,0
6,[2],38,0.10055597119160038,0.13369155921052633,0
6,[345],38,0.07664243152194872,-0.0513245966101695,0
7,[1],38,,,0
7,[2],38,0.045275683441005035,-0.15757902020202022,0
7,[3],38,0.023117411861585002,-0.18905119736842105,0
8,[2],38,0.09244154643798548,0.04875578494623656,0
8,[34],38,0.2356133635045907,-0.26679425938566553,0
9,[2],38,0.05592273056288747,-0.380795972972973,0
9,[3],38,0.0696597159460134,-0.2254351964285714,0
10,[2],39,0.10733195834011207,-0.6268914163822525,0
10,[3],39,0.05814940246119454,-0.07291685767790262,0
11,[1],39,,,0
11,[2],39,0.1071739120551262,-0.16196428421052633,0
11,[3],39,0.04892521203756143,-0.22047357491289196,0
12,[1],39,,,0
12,[2],39,0.03611976077714987,-0.34033228268551236,0
12,[3],39,0.009675471078576584,-0.45909271917808214,0
13,[1],39,,,0
13,[2],39,0.08139386739389523,-0.20519408227848102,0
13,[3],39,0.12645748737199136,-0.2109460528169014,0
14,[1],39,,,0
14,[24],39,0.044865513283417056,-0.4471459489795918,0
14,[3],39,0.017353669267880675,-0.45645530927835054,0
16,[1],39,,,0
16,[2],39,0.12470582178616571,-0.46156581433224747,0
16,[3],39,0.08243046004604418,-0.18409183103448276,0
17,[1],39,,,0
17,[2],39,0.012552008088530912,-0.45815880000000003,0
17,[34],39,0.05495874209694266,0.10260046296296298,0
18,[1],39,,,0
18,[2],39,0.020549479568727404,-0.23323671428571427,0
18,[3],39,0.12626913013739524,-0.7132832935153584,0
1,[1],39,,,0
1,[2],39,0.030909261002464657,-0.437344506993007,0
1,[3],39,0.009469141707711279,-0.5291385365853659,0
22,[1],39,,,0
22,[2],39,,,0
22,[3],39,0.042699487849723515,-0.3517608111888112,0
2,[1],39,,,0
2,[2],39,0.04722922982749238,-0.3040225633802817,0
2,[3],39,0.0067073599170008194,-0.23923430281690142,0
3,[1],39,,,0
3,[2],39,0.03984776687717022,-0.3921489966442953,0
3,[3],39,0.044190794953906425,-0.1843996101694915,0
4,[1],39,,,0
4,[2],39,0.08708521173024412,-0.5727142950819673,0
4,[3],39,0.05602393622132833,-0.40375552836879436,0
5,[1],39,,,0
5,[2],39,0.18770262019791062,-0.24501325352112677,0
5,[3],39,0.06694276270715606,-0.29590334519572953,0
6,[1],39,,,0
6,[2],39,0.06702196981818537,-0.1747957355932203,0
6,[345],39,0.09367837899417698,-0.3486487557755775,0
7,[1],39,,,0
7,[2],39,0.04314734509557517,-0.24469461433447104,0
7,[3],39,0.01676928726356547,-0.16286783774834437,0
8,[2],39,0.098519037444613,-0.12262755115511552,0
8,[34],39,0.03918133065020838,0.18670659931506853,0
9,[2],39,0.0473159933213048,-0.551262231372549,0
9,[3],39,0.10550577821213203,-0.49274240942028985,0
10,[2],40,0.03213551662751965,-0.27014073129251703,0
10,[3],40,0.11211695067385599,-0.19293201199999999,0
11,[1],40,,,0
11,[2],40,0.04077101895652143,-0.2942474519572954,0
11,[3],40,0.058930236108812546,-0.464645150877193,0
12,[1],40,,,0
12,[2],40,0.05968318118250472,-0.4632371103448276,0
12,[3],40,0.0630989312742693,-0.4096562817869416,0
13,[1],40,,,0
13,[2],40,0.0521772470838371,-0.06768942574257426,0
13,[3],40,0.04540642669362748,-0.23687731313131316,0
14,[1],40,,,0
14,[24],40,0.035273045186267234,-0.3839316231343284,0
14,[3],40,0.044787957533139085,-0.5220019496402877,0
16,[1],40,,,0
16,[2],40,0.04060243303707737,-0.5026941540983607,0
16,[3],40,0.10653217164875056,-0.16960384589041097,0
17,[1],40,,,0
17,[2],40,0.06202935875814797,-0.4872778490566037,0
17,[34],40,0.056723566554711065,-0.5412219924528302,0
18,[1],40,,,0
18,[2],40,0.04560064120039157,0.04325260689655173,0
18,[3],40,0.12253444689350314,-0.28605285284280935,0
1,[1],40,,,0
1,[2],40,0.01528652953834857,-0.31368785858585857,0
1,[3],40,0.03422787427458034,-0.02757240350877193,0
22,[1],40,,,0
22,[2],40,,,0
22,[3],40,0.0628685465508447,-0.32982192334494775,0
2,[1],40,,,0
2,[2],40,,,0
2,[3],40,0.034333871842860214,-0.31149594630872485,0
3,[1],40,,,0
3,[2],40,0.12092248804959045,-0.08082814429530201,0
3,[3],40,0.05390085039685766,-0.0598283231292517,0
4,[1],40,,,0
4,[2],40,0.044108166429861054,-0.23438371372549016,0
4,[3],40,0.12376629839349511,-0.3048258229166667,0
5,[1],40,,,0
5,[2],40,0.16482387591775557,-0.1922557553956835,0
5,[3],40,0.13678055485634746,-0.4269470529595016,0
6,[1],40,,,0
6,[2],40,0.11798689256425461,-0.5594557517006803,0
6,[345],40,0.06896145032984585,-0.04671378082191781,0
7,[1],40,,,0
7,[2],40,0.035663460115728116,-0.3598538605442177,0
7,[3],40,0.010130932981589385,-0.17430092333333333,0
8,[2],40,0.2209944242561451,0.15733344871794872,0
8,[34],40,0.05627799061541094,0.026447051020408164,0
9,[2],40,0.018581576131985335,-0.5019011171875001,0
9,[3],40,0.07910670970675769,-0.4301211111111111,0
